title,year,quality,folder_path,file_path,size_bytes,container,original_path,fallback_mp4_path,has_mp4_fallback
12 Angry Men,1957,BluRay,/media/tushita/TUSHITA_W11_DATA/movies/12 Angry Men (1957) [BluRay] [1080p] [YTS.AM],/media/tushita/TUSHITA_W11_DATA/movies/12 Angry Men (1957) [BluRay] [1080p] [YTS.AM]/12.Angry.Men.1957.1080p.BluRay.x264-[YTS.AM].mp4,1632610944,mp4,/media/tushita/TUSHITA_W11_DATA/movies/12 Angry Men (1957) [BluRay] [1080p] [YTS.AM]/12.Angry.Men.1957.1080p.BluRay.x264-[YTS.AM].mp4,,False
A Clockwork Orange,1971,2160p,/media/tushita/TUSHITA_W11_DATA/movies/A Clockwork Orange (1971) [2160p] [4K] [BluRay] [5.1] [YTS.MX],/media/tushita/TUSHITA_W11_DATA/movies/A Clockwork Orange (1971) [2160p] [4K] [BluRay] [5.1] [YTS.MX]/A.Clockwork.Orange.1971.2160p.4K.BluRay.x265.10bit.AAC5.1-[YTS.MX].mkv,7076143828,mkv,/media/tushita/TUSHITA_W11_DATA/movies/A Clockwork Orange (1971) [2160p] [4K] [BluRay] [5.1] [YTS.MX]/A.Clockwork.Orange.1971.2160p.4K.BluRay.x265.10bit.AAC5.1-[YTS.MX].mkv,,False
A Close Shave,1995,1080p,/media/tushita/TUSHITA_W11_DATA/movies/A Close Shave (1995) [1080p] [BluRay] [5.1] [YTS.MX],/media/tushita/TUSHITA_W11_DATA/movies/A Close Shave (1995) [1080p] [BluRay] [5.1] [YTS.MX]/A.Close.Shave.1995.1080p.BluRay.x264.AAC5.1-[YTS.MX].mp4,621936484,mp4,/media/tushita/TUSHITA_W11_DATA/movies/A Close Shave (1995) [1080p] [BluRay] [5.1] [YTS.MX]/A.Close.Shave.1995.1080p.BluRay.x264.AAC5.1-[YTS.MX].mp4,,False
A Matter Of Loaf And Death,2008,1080p,/media/tushita/TUSHITA_W11_DATA/movies/A Matter Of Loaf And Death (2008) [1080p] [BluRay] [5.1] [YTS.MX],/media/tushita/TUSHITA_W11_DATA/movies/A Matter Of Loaf And Death (2008) [1080p] [BluRay] [5.1] [YTS.MX]/A.Matter.Of.Loaf.And.Death.2008.1080p.BluRay.x264.AAC5.1-[YTS.MX].mp4,581164678,mp4,/media/tushita/TUSHITA_W11_DATA/movies/A Matter Of Loaf And Death (2008) [1080p] [BluRay] [5.1] [YTS.MX]/A.Matter.Of.Loaf.And.Death.2008.1080p.BluRay.x264.AAC5.1-[YTS.MX].mp4,,False
A Minecraft Movie,2025,2160p,/media/tushita/TUSHITA_W11_DATA/movies/A Minecraft Movie (2025) [2160p] [4K] [WEB] [5.1] [YTS.MX],/media/tushita/TUSHITA_W11_DATA/movies/A Minecraft Movie (2025) [2160p] [4K] [WEB] [5.1] [YTS.MX]/A.Minecraft.Movie.2025.2160p.4K.WEB.x265.10bit.AAC5.1-[YTS.MX].mkv,4843593011,mkv,/media/tushita/TUSHITA_W11_DATA/movies/A Minecraft Movie (2025) [2160p] [4K] [WEB] [5.1] [YTS.MX]/A.Minecraft.Movie.2025.2160p.4K.WEB.x265.10bit.AAC5.1-[YTS.MX].mkv,,False
A Minecraft Movie,2025,2160p,/media/tushita/TUSHITA_W11_DATA/movies/A Minecraft Movie (2025) [2160p] [4K] [WEB] [5.1] [YTS.MX],/media/tushita/TUSHITA_W11_DATA/movies/A Minecraft Movie (2025) [2160p] [4K] [WEB] [5.1] [YTS.MX]/A.Minecraft.Movie.2025.2160p.4K.WEB.x265.10bit.AAC5.1-[YTS.MX]_transcoded.mp4,19398704,mp4,/media/tushita/TUSHITA_W11_DATA/movies/A Minecraft Movie (2025) [2160p] [4K] [WEB] [5.1] [YTS.MX]/A.Minecraft.Movie.2025.2160p.4K.WEB.x265.10bit.AAC5.1-[YTS.MX]_transcoded.mp4,,False
A Sloth Story,2024,1080p,/media/tushita/TUSHITA_W11_DATA/movies/A Sloth Story (2024) [1080p] [WEBRip] [5.1] [YTS.MX],/media/tushita/TUSHITA_W11_DATA/movies/A Sloth Story (2024) [1080p] [WEBRip] [5.1] [YTS.MX]/A.Sloth.Story.2024.1080p.WEBRip.x264.AAC5.1-[YTS.MX].mp4,1701590406,mp4,/media/tushita/TUSHITA_W11_DATA/movies/A Sloth Story (2024) [1080p] [WEBRip] [5.1] [YTS.MX]/A.Sloth.Story.2024.1080p.WEBRip.x264.AAC5.1-[YTS.MX].mp4,,False
Ace Ventura Pet Detective,1994,2160p,/media/tushita/TUSHITA_W11_DATA/movies/Ace Ventura Pet Detective (1994) [2160p] [4K] [BluRay] [5.1] [YTS.MX],/media/tushita/TUSHITA_W11_DATA/movies/Ace Ventura Pet Detective (1994) [2160p] [4K] [BluRay] [5.1] [YTS.MX]/Ace.Ventura.Pet.Detective.1994.2160p.4K.BluRay.x265.10bit.AAC5.1-[YTS.MX].mkv,4147630814,mkv,/media/tushita/TUSHITA_W11_DATA/movies/Ace Ventura Pet Detective (1994) [2160p] [4K] [BluRay] [5.1] [YTS.MX]/Ace.Ventura.Pet.Detective.1994.2160p.4K.BluRay.x265.10bit.AAC5.1-[YTS.MX].mkv,,False
Akira,1988,2160p,/media/tushita/TUSHITA_W11_DATA/movies/Akira (1988) [2160p] [4K] [BluRay] [5.1] [YTS.MX],/media/tushita/TUSHITA_W11_DATA/movies/Akira (1988) [2160p] [4K] [BluRay] [5.1] [YTS.MX]/Akira.1988.2160p.4K.BluRay.x265.10bit.AAC5.1-[YTS.MX].mkv,6029690240,mkv,/media/tushita/TUSHITA_W11_DATA/movies/Akira (1988) [2160p] [4K] [BluRay] [5.1] [YTS.MX]/Akira.1988.2160p.4K.BluRay.x265.10bit.AAC5.1-[YTS.MX].mkv,,False
Alien,1979,DC,/media/tushita/TUSHITA_W11_DATA/movies/Alien (1979) [DC] [2160p] [4K] [BluRay] [5.1] [YTS.MX],/media/tushita/TUSHITA_W11_DATA/movies/Alien (1979) [DC] [2160p] [4K] [BluRay] [5.1] [YTS.MX]/Alien.1979.DC.2160p.4K.BluRay.x265.10bit.AAC5.1-[YTS.MX].mkv,5844587964,mkv,/media/tushita/TUSHITA_W11_DATA/movies/Alien (1979) [DC] [2160p] [4K] [BluRay] [5.1] [YTS.MX]/Alien.1979.DC.2160p.4K.BluRay.x265.10bit.AAC5.1-[YTS.MX].mkv,,False
Alien Covenant,2017,2160p,/media/tushita/TUSHITA_W11_DATA/movies/Alien Covenant (2017) [2160p] [4K] [BluRay] [5.1] [YTS.MX],/media/tushita/TUSHITA_W11_DATA/movies/Alien Covenant (2017) [2160p] [4K] [BluRay] [5.1] [YTS.MX]/Alien.Covenant.2017.2160p.4K.BluRay.x265.10bit.AAC5.1-[YTS.MX].mkv,5844516897,mkv,/media/tushita/TUSHITA_W11_DATA/movies/Alien Covenant (2017) [2160p] [4K] [BluRay] [5.1] [YTS.MX]/Alien.Covenant.2017.2160p.4K.BluRay.x265.10bit.AAC5.1-[YTS.MX].mkv,,False
Alien Romulus,2024,2160p,/media/tushita/TUSHITA_W11_DATA/movies/Alien Romulus (2024) [2160p] [4K] [WEB] [5.1] [YTS.MX],/media/tushita/TUSHITA_W11_DATA/movies/Alien Romulus (2024) [2160p] [4K] [WEB] [5.1] [YTS.MX]/Alien.Romulus.2024.2160p.4K.WEB.x265.10bit.AAC5.1-[YTS.MX].mkv,5696552895,mkv,/media/tushita/TUSHITA_W11_DATA/movies/Alien Romulus (2024) [2160p] [4K] [WEB] [5.1] [YTS.MX]/Alien.Romulus.2024.2160p.4K.WEB.x265.10bit.AAC5.1-[YTS.MX].mkv,,False
Aliens,1986,2160p,/media/tushita/TUSHITA_W11_DATA/movies/Aliens (1986) [2160p] [4K] [WEB] [5.1] [YTS.MX],/media/tushita/TUSHITA_W11_DATA/movies/Aliens (1986) [2160p] [4K] [WEB] [5.1] [YTS.MX]/Aliens.1986.2160p.4K.WEB.x265.10bit.AAC5.1-[YTS.MX].mkv,6575740537,mkv,/media/tushita/TUSHITA_W11_DATA/movies/Aliens (1986) [2160p] [4K] [WEB] [5.1] [YTS.MX]/Aliens.1986.2160p.4K.WEB.x265.10bit.AAC5.1-[YTS.MX].mkv,,False
Apocalypse Now,1979,2160p,/media/tushita/TUSHITA_W11_DATA/movies/Apocalypse Now (1979) [2160p] [4K] [BluRay] [5.1] [YTS.MX],/media/tushita/TUSHITA_W11_DATA/movies/Apocalypse Now (1979) [2160p] [4K] [BluRay] [5.1] [YTS.MX]/Apocalypse.Now.1979.2160p.4K.BluRay.x265.10bit.AAC5.1-[YTS.MX].mkv,8900265326,mkv,/media/tushita/TUSHITA_W11_DATA/movies/Apocalypse Now (1979) [2160p] [4K] [BluRay] [5.1] [YTS.MX]/Apocalypse.Now.1979.2160p.4K.BluRay.x265.10bit.AAC5.1-[YTS.MX].mkv,,False
Beetlejuice Beetlejuice,2024,1080p,/media/tushita/TUSHITA_W11_DATA/movies/Beetlejuice Beetlejuice (2024) [1080p] [WEBRip] [5.1] [YTS.MX],/media/tushita/TUSHITA_W11_DATA/movies/Beetlejuice Beetlejuice (2024) [1080p] [WEBRip] [5.1] [YTS.MX]/Beetlejuice.Beetlejuice.2024.1080p.WEBRip.x264.AAC5.1-[YTS.MX].mp4,2078786134,mp4,/media/tushita/TUSHITA_W11_DATA/movies/Beetlejuice Beetlejuice (2024) [1080p] [WEBRip] [5.1] [YTS.MX]/Beetlejuice.Beetlejuice.2024.1080p.WEBRip.x264.AAC5.1-[YTS.MX].mp4,,False
Bilby,2018,1080p,/media/tushita/TUSHITA_W11_DATA/movies/Bilby (2018) [1080p] [BluRay] [x265] [10bit] [5.1] [YTS.MX],/media/tushita/TUSHITA_W11_DATA/movies/Bilby (2018) [1080p] [BluRay] [x265] [10bit] [5.1] [YTS.MX]/Bilby.2018.1080p.BluRay.x265.10bit.AAC5.1-[YTS.MX].mp4,142863382,mp4,/media/tushita/TUSHITA_W11_DATA/movies/Bilby (2018) [1080p] [BluRay] [x265] [10bit] [5.1] [YTS.MX]/Bilby.2018.1080p.BluRay.x265.10bit.AAC5.1-[YTS.MX].mp4,,False
Leo,2023,2160p,/media/tushita/TUSHITA_W11_DATA/movies/Leo (2023) [2160p] [4K] [WEB] [5.1] [YTS.MX],/media/tushita/TUSHITA_W11_DATA/movies/Leo (2023) [2160p] [4K] [WEB] [5.1] [YTS.MX]/Leo.2023.2160p.4K.WEB.x265.10bit.AAC5.1-[YTS.MX].mkv,5123183384,mkv,/media/tushita/TUSHITA_W11_DATA/movies/Leo (2023) [2160p] [4K] [WEB] [5.1] [YTS.MX]/Leo.2023.2160p.4K.WEB.x265.10bit.AAC5.1-[YTS.MX].mkv,,False
Lilo Stitch,2025,1080p,/media/tushita/TUSHITA_W11_DATA/movies/Lilo Stitch (2025) [1080p] [WEBRip] [YTS.MX],/media/tushita/TUSHITA_W11_DATA/movies/Lilo Stitch (2025) [1080p] [WEBRip] [YTS.MX]/Lilo.Stitch.2025.1080p.WEBRip.x264.AAC-[YTS.MX].mp4,1925239301,mp4,/media/tushita/TUSHITA_W11_DATA/movies/Lilo Stitch (2025) [1080p] [WEBRip] [YTS.MX]/Lilo.Stitch.2025.1080p.WEBRip.x264.AAC-[YTS.MX].mp4,,False
Little Dieter Needs To Fly,1997,1080p,/media/tushita/TUSHITA_W11_DATA/movies/Little Dieter Needs To Fly (1997) [1080p] [WEBRip] [YTS.MX],/media/tushita/TUSHITA_W11_DATA/movies/Little Dieter Needs To Fly (1997) [1080p] [WEBRip] [YTS.MX]/Little.Dieter.Needs.To.Fly.1997.1080p.WEBRip.x264.AAC-[YTS.MX].mp4,1376236941,mp4,/media/tushita/TUSHITA_W11_DATA/movies/Little Dieter Needs To Fly (1997) [1080p] [WEBRip] [YTS.MX]/Little.Dieter.Needs.To.Fly.1997.1080p.WEBRip.x264.AAC-[YTS.MX].mp4,,False
Little Emma,2024,1080p,/media/tushita/TUSHITA_W11_DATA/movies/Little Emma (2024) [1080p] [WEBRip] [5.1] [YTS.MX],/media/tushita/TUSHITA_W11_DATA/movies/Little Emma (2024) [1080p] [WEBRip] [5.1] [YTS.MX]/Little.Emma.2024.1080p.WEBRip.x264.AAC5.1-[YTS.MX].mp4,1579021808,mp4,/media/tushita/TUSHITA_W11_DATA/movies/Little Emma (2024) [1080p] [WEBRip] [5.1] [YTS.MX]/Little.Emma.2024.1080p.WEBRip.x264.AAC5.1-[YTS.MX].mp4,,False
Lost In Starlight,2025,1080p,/media/tushita/TUSHITA_W11_DATA/movies/Lost In Starlight (2025) [1080p] [WEBRip] [5.1] [YTS.MX],/media/tushita/TUSHITA_W11_DATA/movies/Lost In Starlight (2025) [1080p] [WEBRip] [5.1] [YTS.MX]/Lost.In.Starlight.2025.1080p.WEBRip.x264.AAC5.1-[YTS.MX].mp4,1948124745,mp4,/media/tushita/TUSHITA_W11_DATA/movies/Lost In Starlight (2025) [1080p] [WEBRip] [5.1] [YTS.MX]/Lost.In.Starlight.2025.1080p.WEBRip.x264.AAC5.1-[YTS.MX].mp4,,False
Master And Commander The Far Side Of The World,2003,2160p,/media/tushita/TUSHITA_W11_DATA/movies/Master And Commander The Far Side Of The World (2003) [2160p] [4K] [BluRay] [5.1] [YTS.MX],/media/tushita/TUSHITA_W11_DATA/movies/Master And Commander The Far Side Of The World (2003) [2160p] [4K] [BluRay] [5.1] [YTS.MX]/Master.And.Commander.The.Far.Side.Of.The.World.2003.2160p.4K.BluRay.x265.10bit.AAC5.1-[YTS.MX].mkv,6952466294,mkv,/media/tushita/TUSHITA_W11_DATA/movies/Master And Commander The Far Side Of The World (2003) [2160p] [4K] [BluRay] [5.1] [YTS.MX]/Master.And.Commander.The.Far.Side.Of.The.World.2003.2160p.4K.BluRay.x265.10bit.AAC5.1-[YTS.MX].mkv,,False
Mickey 17,2025,2160p,/media/tushita/TUSHITA_W11_DATA/movies/Mickey 17 (2025) [2160p] [4K] [WEB] [5.1] [YTS.MX],/media/tushita/TUSHITA_W11_DATA/movies/Mickey 17 (2025) [2160p] [4K] [WEB] [5.1] [YTS.MX]/Mickey.17.2025.2160p.4K.WEB.x265.10bit.AAC5.1-[YTS.MX].mkv,6560972885,mkv,/media/tushita/TUSHITA_W11_DATA/movies/Mickey 17 (2025) [2160p] [4K] [WEB] [5.1] [YTS.MX]/Mickey.17.2025.2160p.4K.WEB.x265.10bit.AAC5.1-[YTS.MX].mkv,,False
Mighty Morphin Power Rangers Once Always,2023,1080p,/media/tushita/TUSHITA_W11_DATA/movies/Mighty Morphin Power Rangers Once Always (2023) [1080p] [WEBRip] [5.1] [YTS.MX],/media/tushita/TUSHITA_W11_DATA/movies/Mighty Morphin Power Rangers Once Always (2023) [1080p] [WEBRip] [5.1] [YTS.MX]/Mighty.Morphin.Power.Rangers.Once.Always.2023.1080p.WEBRip.x264.AAC5.1-[YTS.MX].mp4,1150501815,mp4,/media/tushita/TUSHITA_W11_DATA/movies/Mighty Morphin Power Rangers Once Always (2023) [1080p] [WEBRip] [5.1] [YTS.MX]/Mighty.Morphin.Power.Rangers.Once.Always.2023.1080p.WEBRip.x264.AAC5.1-[YTS.MX].mp4,,False
Mighty Morphin Power Rangers The Movie,1995,1080p,/media/tushita/TUSHITA_W11_DATA/movies/Mighty Morphin Power Rangers The Movie (1995) [1080p] [BluRay] [5.1] [YTS.MX],/media/tushita/TUSHITA_W11_DATA/movies/Mighty Morphin Power Rangers The Movie (1995) [1080p] [BluRay] [5.1] [YTS.MX]/Mighty.Morphin.Power.Rangers.The.Movie.1995.1080p.BluRay.x264.AAC5.1-[YTS.MX].mp4,1892554197,mp4,/media/tushita/TUSHITA_W11_DATA/movies/Mighty Morphin Power Rangers The Movie (1995) [1080p] [BluRay] [5.1] [YTS.MX]/Mighty.Morphin.Power.Rangers.The.Movie.1995.1080p.BluRay.x264.AAC5.1-[YTS.MX].mp4,,False
,,,/media/tushita/TUSHITA_W11_DATA/movies/Miyazaki,/media/tushita/TUSHITA_W11_DATA/movies/Miyazaki/[Tekeremata][Ghibli] - 17 - Gake no ue no Ponyo [BD][Animelv.net].mp4,486279527,mp4,/media/tushita/TUSHITA_W11_DATA/movies/Miyazaki/[Tekeremata][Ghibli] - 17 - Gake no ue no Ponyo [BD][Animelv.net].mp4,,False
Moana 2,2024,2160p,/media/tushita/TUSHITA_W11_DATA/movies/Moana 2 (2024) [2160p] [4K] [WEB] [5.1] [YTS.MX],/media/tushita/TUSHITA_W11_DATA/movies/Moana 2 (2024) [2160p] [4K] [WEB] [5.1] [YTS.MX]/Moana.2.2024.2160p.4K.WEB.x265.10bit.AAC5.1-[YTS.MX].mkv,4773949129,mkv,/media/tushita/TUSHITA_W11_DATA/movies/Moana 2 (2024) [2160p] [4K] [WEB] [5.1] [YTS.MX]/Moana.2.2024.2160p.4K.WEB.x265.10bit.AAC5.1-[YTS.MX].mkv,,False
Blade Runner 2049,2017,2160p,/media/tushita/TUSHITA_W11_DATA/movies/Blade Runner 2049 (2017) [2160p] [4K] [BluRay] [5.1] [YTS.MX],/media/tushita/TUSHITA_W11_DATA/movies/Blade Runner 2049 (2017) [2160p] [4K] [BluRay] [5.1] [YTS.MX]/Blade.Runner.2049.2017.2160p.4K.BluRay.x265.10bit.AAC5.1-[YTS.MX].mkv,8336156996,mkv,/media/tushita/TUSHITA_W11_DATA/movies/Blade Runner 2049 (2017) [2160p] [4K] [BluRay] [5.1] [YTS.MX]/Blade.Runner.2049.2017.2160p.4K.BluRay.x265.10bit.AAC5.1-[YTS.MX].mkv,,False
Brazil,1985,2160p,/media/tushita/TUSHITA_W11_DATA/movies/Brazil (1985) [2160p] [4K] [BluRay] [5.1] [YTS.MX],/media/tushita/TUSHITA_W11_DATA/movies/Brazil (1985) [2160p] [4K] [BluRay] [5.1] [YTS.MX]/Brazil.1985.2160p.4K.BluRay.x265.10bit.AAC5.1-[YTS.MX].mkv,6989000219,mkv,/media/tushita/TUSHITA_W11_DATA/movies/Brazil (1985) [2160p] [4K] [BluRay] [5.1] [YTS.MX]/Brazil.1985.2160p.4K.BluRay.x265.10bit.AAC5.1-[YTS.MX].mkv,,False
Burn-E,2008,1080p,/media/tushita/TUSHITA_W11_DATA/movies/Burn-E (2008) [1080p] [BluRay] [x265] [10bit] [5.1] [YTS.MX],/media/tushita/TUSHITA_W11_DATA/movies/Burn-E (2008) [1080p] [BluRay] [x265] [10bit] [5.1] [YTS.MX]/Burn-E.2008.1080p.BluRay.x265.10bit.AAC5.1-[YTS.MX].mp4,135892555,mp4,/media/tushita/TUSHITA_W11_DATA/movies/Burn-E (2008) [1080p] [BluRay] [x265] [10bit] [5.1] [YTS.MX]/Burn-E.2008.1080p.BluRay.x265.10bit.AAC5.1-[YTS.MX].mp4,,False
Charade,1963,BluRay,/media/tushita/TUSHITA_W11_DATA/movies/Charade (1963) [BluRay] [1080p] [YTS.AM],/media/tushita/TUSHITA_W11_DATA/movies/Charade (1963) [BluRay] [1080p] [YTS.AM]/Charade.1963.1080p.BluRay.x264-[YTS.AM].mp4,1918545335,mp4,/media/tushita/TUSHITA_W11_DATA/movies/Charade (1963) [BluRay] [1080p] [YTS.AM]/Charade.1963.1080p.BluRay.x264-[YTS.AM].mp4,,False
Chicken Run,2000,1080p,/media/tushita/TUSHITA_W11_DATA/movies/Chicken Run (2000) [1080p],/media/tushita/TUSHITA_W11_DATA/movies/Chicken Run (2000) [1080p]/Chicken.Run.2000.1080p.BrRip.x264.Deceit.YIFY.mp4,1189541078,mp4,/media/tushita/TUSHITA_W11_DATA/movies/Chicken Run (2000) [1080p]/Chicken.Run.2000.1080p.BrRip.x264.Deceit.YIFY.mp4,,False
Chicken Run Dawn Of The Nugget,2023,1080p,/media/tushita/TUSHITA_W11_DATA/movies/Chicken Run Dawn Of The Nugget (2023) [1080p] [WEBRip] [x265] [10bit] [5.1] [YTS.MX],/media/tushita/TUSHITA_W11_DATA/movies/Chicken Run Dawn Of The Nugget (2023) [1080p] [WEBRip] [x265] [10bit] [5.1] [YTS.MX]/Chicken.Run.Dawn.Of.The.Nugget.2023.1080p.WEBRip.x265.10bit.AAC5.1-[YTS.MX].mp4,2268556538,mp4,/media/tushita/TUSHITA_W11_DATA/movies/Chicken Run Dawn Of The Nugget (2023) [1080p] [WEBRip] [x265] [10bit] [5.1] [YTS.MX]/Chicken.Run.Dawn.Of.The.Nugget.2023.1080p.WEBRip.x265.10bit.AAC5.1-[YTS.MX].mp4,,False
Conan The Barbarian,1982,1080p,/media/tushita/TUSHITA_W11_DATA/movies/Conan The Barbarian (1982) [1080p] [YTS.AG],/media/tushita/TUSHITA_W11_DATA/movies/Conan The Barbarian (1982) [1080p] [YTS.AG]/Conan.The.Barbarian.1982.1080p.BluRay.x264-[YTS.AG].mp4,2123228502,mp4,/media/tushita/TUSHITA_W11_DATA/movies/Conan The Barbarian (1982) [1080p] [YTS.AG]/Conan.The.Barbarian.1982.1080p.BluRay.x264-[YTS.AG].mp4,,False
Conan The Destroyer,1984,1080p,/media/tushita/TUSHITA_W11_DATA/movies/Conan The Destroyer (1984) [1080p] [YTS.AG],/media/tushita/TUSHITA_W11_DATA/movies/Conan The Destroyer (1984) [1080p] [YTS.AG]/Conan.The.Destroyer.1984.1080p.BluRay.x264-[YTS.AG].mp4,1640117834,mp4,/media/tushita/TUSHITA_W11_DATA/movies/Conan The Destroyer (1984) [1080p] [YTS.AG]/Conan.The.Destroyer.1984.1080p.BluRay.x264-[YTS.AG].mp4,,False
Deathstalker,1983,1080p,/media/tushita/TUSHITA_W11_DATA/movies/Deathstalker (1983) [1080p] [BluRay] [YTS.MX],/media/tushita/TUSHITA_W11_DATA/movies/Deathstalker (1983) [1080p] [BluRay] [YTS.MX]/Deathstalker.1983.1080p.BluRay.x264.AAC-[YTS.MX].mp4,1427018944,mp4,/media/tushita/TUSHITA_W11_DATA/movies/Deathstalker (1983) [1080p] [BluRay] [YTS.MX]/Deathstalker.1983.1080p.BluRay.x264.AAC-[YTS.MX].mp4,,False
Demolition Man,1993,2160p,/media/tushita/TUSHITA_W11_DATA/movies/Demolition Man (1993) [2160p] [4K] [BluRay] [5.1] [YTS.MX],/media/tushita/TUSHITA_W11_DATA/movies/Demolition Man (1993) [2160p] [4K] [BluRay] [5.1] [YTS.MX]/Demolition.Man.1993.2160p.4K.BluRay.x265.10bit.AAC5.1-[YTS.MX].mkv,5552492007,mkv,/media/tushita/TUSHITA_W11_DATA/movies/Demolition Man (1993) [2160p] [4K] [BluRay] [5.1] [YTS.MX]/Demolition.Man.1993.2160p.4K.BluRay.x265.10bit.AAC5.1-[YTS.MX].mkv,,False
Despicable Me 4,2024,2160p,/media/tushita/TUSHITA_W11_DATA/movies/Despicable Me 4 (2024) [2160p] [4K] [WEB] [5.1] [YTS.MX],/media/tushita/TUSHITA_W11_DATA/movies/Despicable Me 4 (2024) [2160p] [4K] [WEB] [5.1] [YTS.MX]/Despicable.Me.4.2024.2160p.4K.WEB.x265.10bit.AAC5.1-[YTS.MX].mkv,4520877625,mkv,/media/tushita/TUSHITA_W11_DATA/movies/Despicable Me 4 (2024) [2160p] [4K] [WEB] [5.1] [YTS.MX]/Despicable.Me.4.2024.2160p.4K.WEB.x265.10bit.AAC5.1-[YTS.MX].mkv,,False
Monty Python And The Holy Grail,1975,BluRay,/media/tushita/TUSHITA_W11_DATA/movies/Monty Python And The Holy Grail (1975) [BluRay] [1080p] [YTS.AM],/media/tushita/TUSHITA_W11_DATA/movies/Monty Python And The Holy Grail (1975) [BluRay] [1080p] [YTS.AM]/Monty.Python.And.The.Holy.Grail.1975.1080p.BluRay.x264-[YTS.AM].mp4,1567817198,mp4,/media/tushita/TUSHITA_W11_DATA/movies/Monty Python And The Holy Grail (1975) [BluRay] [1080p] [YTS.AM]/Monty.Python.And.The.Holy.Grail.1975.1080p.BluRay.x264-[YTS.AM].mp4,,False
Moonshine Highway,1996,1080p,/media/tushita/TUSHITA_W11_DATA/movies/Moonshine Highway (1996) [1080p] [WEBRip] [YTS.MX],/media/tushita/TUSHITA_W11_DATA/movies/Moonshine Highway (1996) [1080p] [WEBRip] [YTS.MX]/Moonshine.Highway.1996.1080p.WEBRip.x264.AAC-[YTS.MX].mp4,1712491054,mp4,/media/tushita/TUSHITA_W11_DATA/movies/Moonshine Highway (1996) [1080p] [WEBRip] [YTS.MX]/Moonshine.Highway.1996.1080p.WEBRip.x264.AAC-[YTS.MX].mp4,,False
My Cousin Vinny,1992,1080p,/media/tushita/TUSHITA_W11_DATA/movies/My Cousin Vinny (1992) [1080p] [YTS.AG],/media/tushita/TUSHITA_W11_DATA/movies/My Cousin Vinny (1992) [1080p] [YTS.AG]/My.Cousin.Vinny.1992.1080p.BluRay.x264-[YTS.AG].mp4,1931208135,mp4,/media/tushita/TUSHITA_W11_DATA/movies/My Cousin Vinny (1992) [1080p] [YTS.AG]/My.Cousin.Vinny.1992.1080p.BluRay.x264-[YTS.AG].mp4,,False
,,,/media/tushita/TUSHITA_W11_DATA/movies/Nausicaa of the Valley of the Wind (1984) 1080p [Jpn & Eng] Blu-ray (Pre-Studio Ghibli),/media/tushita/TUSHITA_W11_DATA/movies/Nausicaa of the Valley of the Wind (1984) 1080p [Jpn & Eng] Blu-ray (Pre-Studio Ghibli)/Nausicaa of the Valley of the Wind (1984) 1080p [Jpn & Eng] Blu-ray (Pre-Studio Ghibli).mp4,2357954784,mp4,/media/tushita/TUSHITA_W11_DATA/movies/Nausicaa of the Valley of the Wind (1984) 1080p [Jpn & Eng] Blu-ray (Pre-Studio Ghibli)/Nausicaa of the Valley of the Wind (1984) 1080p [Jpn & Eng] Blu-ray (Pre-Studio Ghibli).mp4,,False
Nausicaa Of The Valley Of The Wind,1984,JAPANESE,/media/tushita/TUSHITA_W11_DATA/movies/Nausicaa Of The Valley Of The Wind (1984) [JAPANESE] [1080p] [BluRay] [YTS.MX],/media/tushita/TUSHITA_W11_DATA/movies/Nausicaa Of The Valley Of The Wind (1984) [JAPANESE] [1080p] [BluRay] [YTS.MX]/Nausicaa.Of.The.Valley.Of.The.Wind.1984.JAPANESE.1080p.BluRay.x264.AAC-[YTS.MX].mp4,2092634460,mp4,/media/tushita/TUSHITA_W11_DATA/movies/Nausicaa Of The Valley Of The Wind (1984) [JAPANESE] [1080p] [BluRay] [YTS.MX]/Nausicaa.Of.The.Valley.Of.The.Wind.1984.JAPANESE.1080p.BluRay.x264.AAC-[YTS.MX].mp4,,False
Ocean With David Attenborough,2025,2160p,/media/tushita/TUSHITA_W11_DATA/movies/Ocean With David Attenborough (2025) [2160p] [4K] [WEB] [5.1] [YTS.MX],/media/tushita/TUSHITA_W11_DATA/movies/Ocean With David Attenborough (2025) [2160p] [4K] [WEB] [5.1] [YTS.MX]/Ocean.With.David.Attenborough.2025.2160p.4K.WEB.x265.10bit.AAC5.1-[YTS.MX].mkv,4026792280,mkv,/media/tushita/TUSHITA_W11_DATA/movies/Ocean With David Attenborough (2025) [2160p] [4K] [WEB] [5.1] [YTS.MX]/Ocean.With.David.Attenborough.2025.2160p.4K.WEB.x265.10bit.AAC5.1-[YTS.MX].mkv,,False
Over The Top,1987,REPACK,/media/tushita/TUSHITA_W11_DATA/movies/Over The Top (1987) [REPACK] [1080p] [BluRay] [5.1] [YTS.MX],/media/tushita/TUSHITA_W11_DATA/movies/Over The Top (1987) [REPACK] [1080p] [BluRay] [5.1] [YTS.MX]/Over.The.Top.1987.REPACK.1080p.BluRay.x264.AAC5.1-[YTS.MX].mp4,1851943615,mp4,/media/tushita/TUSHITA_W11_DATA/movies/Over The Top (1987) [REPACK] [1080p] [BluRay] [5.1] [YTS.MX]/Over.The.Top.1987.REPACK.1080p.BluRay.x264.AAC5.1-[YTS.MX].mp4,,False
Paddington In Peru,2024,2160p,/media/tushita/TUSHITA_W11_DATA/movies/Paddington In Peru (2024) [2160p] [4K] [WEB] [5.1] [YTS.MX],/media/tushita/TUSHITA_W11_DATA/movies/Paddington In Peru (2024) [2160p] [4K] [WEB] [5.1] [YTS.MX]/Paddington.In.Peru.2024.2160p.4K.WEB.x265.10bit.AAC5.1-[YTS.MX].mkv,5088617999,mkv,/media/tushita/TUSHITA_W11_DATA/movies/Paddington In Peru (2024) [2160p] [4K] [WEB] [5.1] [YTS.MX]/Paddington.In.Peru.2024.2160p.4K.WEB.x265.10bit.AAC5.1-[YTS.MX].mkv,,False
,,,/media/tushita/TUSHITA_W11_DATA/movies/Pet.Sematary.1989.REMASTERED.1080p.BluRay.x265-RARBG,/media/tushita/TUSHITA_W11_DATA/movies/Pet.Sematary.1989.REMASTERED.1080p.BluRay.x265-RARBG/Pet.Sematary.1989.REMASTERED.1080p.BluRay.x265-RARBG.mp4,1718540035,mp4,/media/tushita/TUSHITA_W11_DATA/movies/Pet.Sematary.1989.REMASTERED.1080p.BluRay.x265-RARBG/Pet.Sematary.1989.REMASTERED.1080p.BluRay.x265-RARBG.mp4,,False
Pokemon 3 The Movie Spell Of The Unown,2000,1080p,/media/tushita/TUSHITA_W11_DATA/movies/Pokemon 3 The Movie Spell Of The Unown (2000) [1080p] [BluRay] [YTS.MX],/media/tushita/TUSHITA_W11_DATA/movies/Pokemon 3 The Movie Spell Of The Unown (2000) [1080p] [BluRay] [YTS.MX]/Pokemon.3.The.Movie.Spell.Of.The.Unown.2000.1080p.BluRay.x264.AAC-[YTS.MX].mp4,1313623572,mp4,/media/tushita/TUSHITA_W11_DATA/movies/Pokemon 3 The Movie Spell Of The Unown (2000) [1080p] [BluRay] [YTS.MX]/Pokemon.3.The.Movie.Spell.Of.The.Unown.2000.1080p.BluRay.x264.AAC-[YTS.MX].mp4,,False
Pokemon The First Movie - Mewtwo Strikes Back,1998,DUBBED,/media/tushita/TUSHITA_W11_DATA/movies/Pokemon The First Movie - Mewtwo Strikes Back (1998) [DUBBED] [REPACK] [1080p] [BluRay] [5.1] [YTS.MX],/media/tushita/TUSHITA_W11_DATA/movies/Pokemon The First Movie - Mewtwo Strikes Back (1998) [DUBBED] [REPACK] [1080p] [BluRay] [5.1] [YTS.MX]/Pokemon.The.First.Movie.-.Mewtwo.Strikes.Back.1998.DUBBED.REPACK.1080p.BluRay.x264.AAC5.1-[YTS.MX].mp4,1474146479,mp4,/media/tushita/TUSHITA_W11_DATA/movies/Pokemon The First Movie - Mewtwo Strikes Back (1998) [DUBBED] [REPACK] [1080p] [BluRay] [5.1] [YTS.MX]/Pokemon.The.First.Movie.-.Mewtwo.Strikes.Back.1998.DUBBED.REPACK.1080p.BluRay.x264.AAC5.1-[YTS.MX].mp4,,False
Pokemon The Movie 2000,1999,(1999),/media/tushita/TUSHITA_W11_DATA/movies/Pokemon The Movie 2000 (1999) [(1999)] [1080p] [BluRay] [YTS.MX],/media/tushita/TUSHITA_W11_DATA/movies/Pokemon The Movie 2000 (1999) [(1999)] [1080p] [BluRay] [YTS.MX]/Pokemon.The.Movie.2000.1999.(1999).1080p.BluRay.x264.AAC-[YTS.MX].mp4,1434670821,mp4,/media/tushita/TUSHITA_W11_DATA/movies/Pokemon The Movie 2000 (1999) [(1999)] [1080p] [BluRay] [YTS.MX]/Pokemon.The.Movie.2000.1999.(1999).1080p.BluRay.x264.AAC-[YTS.MX].mp4,,False
Princess Mononoke,1997,BluRay,/media/tushita/TUSHITA_W11_DATA/movies/Princess Mononoke (1997) [BluRay] [1080p] [YTS.AM],/media/tushita/TUSHITA_W11_DATA/movies/Princess Mononoke (1997) [BluRay] [1080p] [YTS.AM]/Princess.Mononoke.1997.1080p.BluRay.x264-[YTS.AM].mp4,2285681583,mp4,/media/tushita/TUSHITA_W11_DATA/movies/Princess Mononoke (1997) [BluRay] [1080p] [YTS.AM]/Princess.Mononoke.1997.1080p.BluRay.x264-[YTS.AM].mp4,,False
Prometheus,2012,2160p,/media/tushita/TUSHITA_W11_DATA/movies/Prometheus (2012) [2160p] [4K] [BluRay] [5.1] [YTS.MX],/media/tushita/TUSHITA_W11_DATA/movies/Prometheus (2012) [2160p] [4K] [BluRay] [5.1] [YTS.MX]/Prometheus.2012.2160p.4K.BluRay.x265.10bit.AAC5.1-[YTS.MX].mkv,6917631811,mkv,/media/tushita/TUSHITA_W11_DATA/movies/Prometheus (2012) [2160p] [4K] [BluRay] [5.1] [YTS.MX]/Prometheus.2012.2160p.4K.BluRay.x265.10bit.AAC5.1-[YTS.MX].mkv,,False
Rambo First Blood Part II,1985,2160p,/media/tushita/TUSHITA_W11_DATA/movies/Rambo First Blood Part II (1985) [2160p] [4K] [BluRay] [5.1] [YTS.MX],/media/tushita/TUSHITA_W11_DATA/movies/Rambo First Blood Part II (1985) [2160p] [4K] [BluRay] [5.1] [YTS.MX]/Rambo.First.Blood.Part.II.1985.2160p.4K.BluRay.x265.10bit.AAC5.1-[YTS.MX].mkv,4641791870,mkv,/media/tushita/TUSHITA_W11_DATA/movies/Rambo First Blood Part II (1985) [2160p] [4K] [BluRay] [5.1] [YTS.MX]/Rambo.First.Blood.Part.II.1985.2160p.4K.BluRay.x265.10bit.AAC5.1-[YTS.MX].mkv,,False
Rambo III,1988,2160p,/media/tushita/TUSHITA_W11_DATA/movies/Rambo III (1988) [2160p] [4K] [BluRay] [5.1] [YTS.MX],/media/tushita/TUSHITA_W11_DATA/movies/Rambo III (1988) [2160p] [4K] [BluRay] [5.1] [YTS.MX]/Rambo.III.1988.2160p.4K.BluRay.x265.10bit.AAC5.1-[YTS.MX].mkv,4922014249,mkv,/media/tushita/TUSHITA_W11_DATA/movies/Rambo III (1988) [2160p] [4K] [BluRay] [5.1] [YTS.MX]/Rambo.III.1988.2160p.4K.BluRay.x265.10bit.AAC5.1-[YTS.MX].mkv,,False
Blade Runner,1982,2160p,/media/tushita/TUSHITA_W11_DATA/movies/Blade Runner (1982) [2160p] [4K] [BluRay] [5.1] [YTS.MX],/media/tushita/TUSHITA_W11_DATA/movies/Blade Runner (1982) [2160p] [4K] [BluRay] [5.1] [YTS.MX]/Blade.Runner.1982.2160p.4K.BluRay.x265.10bit.AAC5.1-[YTS.MX].mkv,6015689064,mkv,/media/tushita/TUSHITA_W11_DATA/movies/Blade Runner (1982) [2160p] [4K] [BluRay] [5.1] [YTS.MX]/Blade.Runner.1982.2160p.4K.BluRay.x265.10bit.AAC5.1-[YTS.MX].mkv,,False
Dragon,2025,1080p,/media/tushita/TUSHITA_W11_DATA/movies/Dragon (2025) [1080p] [WEBRip] [5.1] [YTS.MX],/media/tushita/TUSHITA_W11_DATA/movies/Dragon (2025) [1080p] [WEBRip] [5.1] [YTS.MX]/Dragon.2025.1080p.WEBRip.x264.AAC5.1-[YTS.MX].mp4,3044059227,mp4,/media/tushita/TUSHITA_W11_DATA/movies/Dragon (2025) [1080p] [WEBRip] [5.1] [YTS.MX]/Dragon.2025.1080p.WEBRip.x264.AAC5.1-[YTS.MX].mp4,,False
Lego Star Wars Terrifying Tales,2021,2160p,/media/tushita/TUSHITA_W11_DATA/movies/Lego Star Wars Terrifying Tales (2021) [2160p] [4K] [WEB] [HDR] [5.1] [YTS.MX],/media/tushita/TUSHITA_W11_DATA/movies/Lego Star Wars Terrifying Tales (2021) [2160p] [4K] [WEB] [HDR] [5.1] [YTS.MX]/Lego.Star.Wars.Terrifying.Tales.2021.2160p.4K.WEB.x265.10bit.HDR.AAC5.1-[YTS.MX].mkv,2143934560,mkv,/media/tushita/TUSHITA_W11_DATA/movies/Lego Star Wars Terrifying Tales (2021) [2160p] [4K] [WEB] [HDR] [5.1] [YTS.MX]/Lego.Star.Wars.Terrifying.Tales.2021.2160p.4K.WEB.x265.10bit.HDR.AAC5.1-[YTS.MX].mkv,,False
Red Sonja,1985,1080p,/media/tushita/TUSHITA_W11_DATA/movies/Red Sonja (1985) [1080p],/media/tushita/TUSHITA_W11_DATA/movies/Red Sonja (1985) [1080p]/Red.Sonja.1985.1080p.BluRay.x264.YIFY.mp4,1335796161,mp4,/media/tushita/TUSHITA_W11_DATA/movies/Red Sonja (1985) [1080p]/Red.Sonja.1985.1080p.BluRay.x264.YIFY.mp4,,False
Song of the Sea,2014,1080p,/media/tushita/TUSHITA_W11_DATA/movies/Song of the Sea (2014) [1080p],/media/tushita/TUSHITA_W11_DATA/movies/Song of the Sea (2014) [1080p]/Song.of.the.Sea.2014.1080p.BluRay.x264.YIFY.mp4,1552845504,mp4,/media/tushita/TUSHITA_W11_DATA/movies/Song of the Sea (2014) [1080p]/Song.of.the.Sea.2014.1080p.BluRay.x264.YIFY.mp4,,False
The Godfather,1972,1080p,/media/tushita/TUSHITA_W11_DATA/movies/The Godfather (1972) [1080p],/media/tushita/TUSHITA_W11_DATA/movies/The Godfather (1972) [1080p]/The.Godfather.1972.1080p.BrRip.x264.BOKUTOX.YIFY.mp4,2578092818,mp4,/media/tushita/TUSHITA_W11_DATA/movies/The Godfather (1972) [1080p]/The.Godfather.1972.1080p.BrRip.x264.BOKUTOX.YIFY.mp4,,False
The Princess Bride,1987,2160p,/media/tushita/TUSHITA_W11_DATA/movies/The Princess Bride (1987) [2160p] [4K] [BluRay] [5.1] [YTS.MX],/media/tushita/TUSHITA_W11_DATA/movies/The Princess Bride (1987) [2160p] [4K] [BluRay] [5.1] [YTS.MX]/The.Princess.Bride.1987.2160p.4K.BluRay.x265.10bit.AAC5.1-[YTS.MX].mkv,4743224307,mkv,/media/tushita/TUSHITA_W11_DATA/movies/The Princess Bride (1987) [2160p] [4K] [BluRay] [5.1] [YTS.MX]/The.Princess.Bride.1987.2160p.4K.BluRay.x265.10bit.AAC5.1-[YTS.MX].mkv,,False
Transformers One,2024,1080p,/media/tushita/TUSHITA_W11_DATA/movies/Transformers One (2024) [1080p] [WEBRip] [5.1] [YTS.MX],/media/tushita/TUSHITA_W11_DATA/movies/Transformers One (2024) [1080p] [WEBRip] [5.1] [YTS.MX]/Transformers.One.2024.1080p.WEBRip.x264.AAC5.1-[YTS.MX].mp4,2062755246,mp4,/media/tushita/TUSHITA_W11_DATA/movies/Transformers One (2024) [1080p] [WEBRip] [5.1] [YTS.MX]/Transformers.One.2024.1080p.WEBRip.x264.AAC5.1-[YTS.MX].mp4,,False
Spartacus,1960,2160p,/media/tushita/TUSHITA_W11_DATA/movies/Spartacus (1960) [2160p] [4K] [BluRay] [5.1] [YTS.MX],/media/tushita/TUSHITA_W11_DATA/movies/Spartacus (1960) [2160p] [4K] [BluRay] [5.1] [YTS.MX]/Spartacus.1960.2160p.4K.BluRay.x265.10bit.AAC5.1-[YTS.MX].mkv,9612472723,mkv,/media/tushita/TUSHITA_W11_DATA/movies/Spartacus (1960) [2160p] [4K] [BluRay] [5.1] [YTS.MX]/Spartacus.1960.2160p.4K.BluRay.x265.10bit.AAC5.1-[YTS.MX].mkv,,False
,,,/media/tushita/TUSHITA_W11_DATA/movies/Spellbound.2024.1080p.NF.WEBRip.1400MB.DD5.1.x264-GalaxyRG[TGx],/media/tushita/TUSHITA_W11_DATA/movies/Spellbound.2024.1080p.NF.WEBRip.1400MB.DD5.1.x264-GalaxyRG[TGx]/Spellbound.2024.1080p.NF.WEBRip.1400MB.DD5.1.x264-GalaxyRG.mkv,1510084646,mkv,/media/tushita/TUSHITA_W11_DATA/movies/Spellbound.2024.1080p.NF.WEBRip.1400MB.DD5.1.x264-GalaxyRG[TGx]/Spellbound.2024.1080p.NF.WEBRip.1400MB.DD5.1.x264-GalaxyRG.mkv,,False
Swordfish,2001,1080p,/media/tushita/TUSHITA_W11_DATA/movies/Swordfish (2001) [1080p] [BluRay] [5.1] [YTS.MX],/media/tushita/TUSHITA_W11_DATA/movies/Swordfish (2001) [1080p] [BluRay] [5.1] [YTS.MX]/Swordfish.2001.1080p.BluRay.x264.AAC5.1-[YTS.MX].mp4,1965432488,mp4,/media/tushita/TUSHITA_W11_DATA/movies/Swordfish (2001) [1080p] [BluRay] [5.1] [YTS.MX]/Swordfish.2001.1080p.BluRay.x264.AAC5.1-[YTS.MX].mp4,,False
Taxi Driver,1976,2160p,/media/tushita/TUSHITA_W11_DATA/movies/Taxi Driver (1976) [2160p] [4K] [BluRay] [HDR] [5.1] [YTS.MX],/media/tushita/TUSHITA_W11_DATA/movies/Taxi Driver (1976) [2160p] [4K] [BluRay] [HDR] [5.1] [YTS.MX]/Taxi.Driver.1976.2160p.4K.BluRay.x265.10bit.HDR.AAC5.1-[YTS.MX].mkv,6078538404,mkv,/media/tushita/TUSHITA_W11_DATA/movies/Taxi Driver (1976) [2160p] [4K] [BluRay] [HDR] [5.1] [YTS.MX]/Taxi.Driver.1976.2160p.4K.BluRay.x265.10bit.HDR.AAC5.1-[YTS.MX].mkv,,False
,,,/media/tushita/TUSHITA_W11_DATA/movies/Tenkuu no Escaflowne,/media/tushita/TUSHITA_W11_DATA/movies/Tenkuu no Escaflowne/[Cleo]Tenkuu_no_Escaflowne_-_10_(Dual Audio_10bit_BD1080p_x265).mkv,542472521,mkv,/media/tushita/TUSHITA_W11_DATA/movies/Tenkuu no Escaflowne/[Cleo]Tenkuu_no_Escaflowne_-_10_(Dual Audio_10bit_BD1080p_x265).mkv,,False
,,,/media/tushita/TUSHITA_W11_DATA/movies/Tenkuu no Escaflowne,/media/tushita/TUSHITA_W11_DATA/movies/Tenkuu no Escaflowne/[Cleo]Tenkuu_no_Escaflowne_-_01_(Dual Audio_10bit_BD1080p_x265).mkv,842563552,mkv,/media/tushita/TUSHITA_W11_DATA/movies/Tenkuu no Escaflowne/[Cleo]Tenkuu_no_Escaflowne_-_01_(Dual Audio_10bit_BD1080p_x265).mkv,,False
,,,/media/tushita/TUSHITA_W11_DATA/movies/Tenkuu no Escaflowne,/media/tushita/TUSHITA_W11_DATA/movies/Tenkuu no Escaflowne/[Cleo]Tenkuu_no_Escaflowne_-_02_(Dual Audio_10bit_BD1080p_x265).mkv,749118229,mkv,/media/tushita/TUSHITA_W11_DATA/movies/Tenkuu no Escaflowne/[Cleo]Tenkuu_no_Escaflowne_-_02_(Dual Audio_10bit_BD1080p_x265).mkv,,False
,,,/media/tushita/TUSHITA_W11_DATA/movies/Tenkuu no Escaflowne,/media/tushita/TUSHITA_W11_DATA/movies/Tenkuu no Escaflowne/[Cleo]Tenkuu_no_Escaflowne_-_03_(Dual Audio_10bit_BD1080p_x265).mkv,633778440,mkv,/media/tushita/TUSHITA_W11_DATA/movies/Tenkuu no Escaflowne/[Cleo]Tenkuu_no_Escaflowne_-_03_(Dual Audio_10bit_BD1080p_x265).mkv,,False
,,,/media/tushita/TUSHITA_W11_DATA/movies/Tenkuu no Escaflowne,/media/tushita/TUSHITA_W11_DATA/movies/Tenkuu no Escaflowne/[Cleo]Tenkuu_no_Escaflowne_-_04_(Dual Audio_10bit_BD1080p_x265).mkv,814421922,mkv,/media/tushita/TUSHITA_W11_DATA/movies/Tenkuu no Escaflowne/[Cleo]Tenkuu_no_Escaflowne_-_04_(Dual Audio_10bit_BD1080p_x265).mkv,,False
,,,/media/tushita/TUSHITA_W11_DATA/movies/Tenkuu no Escaflowne,/media/tushita/TUSHITA_W11_DATA/movies/Tenkuu no Escaflowne/[Cleo]Tenkuu_no_Escaflowne_-_05_(Dual Audio_10bit_BD1080p_x265).mkv,696222760,mkv,/media/tushita/TUSHITA_W11_DATA/movies/Tenkuu no Escaflowne/[Cleo]Tenkuu_no_Escaflowne_-_05_(Dual Audio_10bit_BD1080p_x265).mkv,,False
,,,/media/tushita/TUSHITA_W11_DATA/movies/Tenkuu no Escaflowne,/media/tushita/TUSHITA_W11_DATA/movies/Tenkuu no Escaflowne/[Cleo]Tenkuu_no_Escaflowne_-_06_(Dual Audio_10bit_BD1080p_x265).mkv,870670311,mkv,/media/tushita/TUSHITA_W11_DATA/movies/Tenkuu no Escaflowne/[Cleo]Tenkuu_no_Escaflowne_-_06_(Dual Audio_10bit_BD1080p_x265).mkv,,False
,,,/media/tushita/TUSHITA_W11_DATA/movies/Tenkuu no Escaflowne,/media/tushita/TUSHITA_W11_DATA/movies/Tenkuu no Escaflowne/[Cleo]Tenkuu_no_Escaflowne_-_07_(Dual Audio_10bit_BD1080p_x265).mkv,604457358,mkv,/media/tushita/TUSHITA_W11_DATA/movies/Tenkuu no Escaflowne/[Cleo]Tenkuu_no_Escaflowne_-_07_(Dual Audio_10bit_BD1080p_x265).mkv,,False
,,,/media/tushita/TUSHITA_W11_DATA/movies/Tenkuu no Escaflowne,/media/tushita/TUSHITA_W11_DATA/movies/Tenkuu no Escaflowne/[Cleo]Tenkuu_no_Escaflowne_-_08_(Dual Audio_10bit_BD1080p_x265).mkv,703649610,mkv,/media/tushita/TUSHITA_W11_DATA/movies/Tenkuu no Escaflowne/[Cleo]Tenkuu_no_Escaflowne_-_08_(Dual Audio_10bit_BD1080p_x265).mkv,,False
,,,/media/tushita/TUSHITA_W11_DATA/movies/Tenkuu no Escaflowne,/media/tushita/TUSHITA_W11_DATA/movies/Tenkuu no Escaflowne/[Cleo]Tenkuu_no_Escaflowne_-_09_(Dual Audio_10bit_BD1080p_x265).mkv,482784725,mkv,/media/tushita/TUSHITA_W11_DATA/movies/Tenkuu no Escaflowne/[Cleo]Tenkuu_no_Escaflowne_-_09_(Dual Audio_10bit_BD1080p_x265).mkv,,False
,,,/media/tushita/TUSHITA_W11_DATA/movies/Tenkuu no Escaflowne,/media/tushita/TUSHITA_W11_DATA/movies/Tenkuu no Escaflowne/[Cleo]Tenkuu_no_Escaflowne_-_11_(Dual Audio_10bit_BD1080p_x265).mkv,616952095,mkv,/media/tushita/TUSHITA_W11_DATA/movies/Tenkuu no Escaflowne/[Cleo]Tenkuu_no_Escaflowne_-_11_(Dual Audio_10bit_BD1080p_x265).mkv,,False
,,,/media/tushita/TUSHITA_W11_DATA/movies/Tenkuu no Escaflowne,/media/tushita/TUSHITA_W11_DATA/movies/Tenkuu no Escaflowne/[Cleo]Tenkuu_no_Escaflowne_-_12_(Dual Audio_10bit_BD1080p_x265).mkv,590620200,mkv,/media/tushita/TUSHITA_W11_DATA/movies/Tenkuu no Escaflowne/[Cleo]Tenkuu_no_Escaflowne_-_12_(Dual Audio_10bit_BD1080p_x265).mkv,,False
,,,/media/tushita/TUSHITA_W11_DATA/movies/Tenkuu no Escaflowne,/media/tushita/TUSHITA_W11_DATA/movies/Tenkuu no Escaflowne/[Cleo]Tenkuu_no_Escaflowne_-_13_(Dual Audio_10bit_BD1080p_x265).mkv,580211130,mkv,/media/tushita/TUSHITA_W11_DATA/movies/Tenkuu no Escaflowne/[Cleo]Tenkuu_no_Escaflowne_-_13_(Dual Audio_10bit_BD1080p_x265).mkv,,False
,,,/media/tushita/TUSHITA_W11_DATA/movies/Tenkuu no Escaflowne,/media/tushita/TUSHITA_W11_DATA/movies/Tenkuu no Escaflowne/[Cleo]Tenkuu_no_Escaflowne_-_14_(Dual Audio_10bit_BD1080p_x265).mkv,541152468,mkv,/media/tushita/TUSHITA_W11_DATA/movies/Tenkuu no Escaflowne/[Cleo]Tenkuu_no_Escaflowne_-_14_(Dual Audio_10bit_BD1080p_x265).mkv,,False
,,,/media/tushita/TUSHITA_W11_DATA/movies/Tenkuu no Escaflowne,/media/tushita/TUSHITA_W11_DATA/movies/Tenkuu no Escaflowne/[Cleo]Tenkuu_no_Escaflowne_-_15_(Dual Audio_10bit_BD1080p_x265).mkv,553116411,mkv,/media/tushita/TUSHITA_W11_DATA/movies/Tenkuu no Escaflowne/[Cleo]Tenkuu_no_Escaflowne_-_15_(Dual Audio_10bit_BD1080p_x265).mkv,,False
,,,/media/tushita/TUSHITA_W11_DATA/movies/Tenkuu no Escaflowne,/media/tushita/TUSHITA_W11_DATA/movies/Tenkuu no Escaflowne/[Cleo]Tenkuu_no_Escaflowne_-_16_(Dual Audio_10bit_BD1080p_x265).mkv,527875404,mkv,/media/tushita/TUSHITA_W11_DATA/movies/Tenkuu no Escaflowne/[Cleo]Tenkuu_no_Escaflowne_-_16_(Dual Audio_10bit_BD1080p_x265).mkv,,False
,,,/media/tushita/TUSHITA_W11_DATA/movies/Tenkuu no Escaflowne,/media/tushita/TUSHITA_W11_DATA/movies/Tenkuu no Escaflowne/[Cleo]Tenkuu_no_Escaflowne_-_17_(Dual Audio_10bit_BD1080p_x265).mkv,729926949,mkv,/media/tushita/TUSHITA_W11_DATA/movies/Tenkuu no Escaflowne/[Cleo]Tenkuu_no_Escaflowne_-_17_(Dual Audio_10bit_BD1080p_x265).mkv,,False
,,,/media/tushita/TUSHITA_W11_DATA/movies/Tenkuu no Escaflowne,/media/tushita/TUSHITA_W11_DATA/movies/Tenkuu no Escaflowne/[Cleo]Tenkuu_no_Escaflowne_-_18_(Dual Audio_10bit_BD1080p_x265).mkv,648756228,mkv,/media/tushita/TUSHITA_W11_DATA/movies/Tenkuu no Escaflowne/[Cleo]Tenkuu_no_Escaflowne_-_18_(Dual Audio_10bit_BD1080p_x265).mkv,,False
,,,/media/tushita/TUSHITA_W11_DATA/movies/Tenkuu no Escaflowne,/media/tushita/TUSHITA_W11_DATA/movies/Tenkuu no Escaflowne/[Cleo]Tenkuu_no_Escaflowne_-_19_(Dual Audio_10bit_BD1080p_x265).mkv,723454285,mkv,/media/tushita/TUSHITA_W11_DATA/movies/Tenkuu no Escaflowne/[Cleo]Tenkuu_no_Escaflowne_-_19_(Dual Audio_10bit_BD1080p_x265).mkv,,False
,,,/media/tushita/TUSHITA_W11_DATA/movies/Tenkuu no Escaflowne,/media/tushita/TUSHITA_W11_DATA/movies/Tenkuu no Escaflowne/[Cleo]Tenkuu_no_Escaflowne_-_20_(Dual Audio_10bit_BD1080p_x265).mkv,709096481,mkv,/media/tushita/TUSHITA_W11_DATA/movies/Tenkuu no Escaflowne/[Cleo]Tenkuu_no_Escaflowne_-_20_(Dual Audio_10bit_BD1080p_x265).mkv,,False
,,,/media/tushita/TUSHITA_W11_DATA/movies/Tenkuu no Escaflowne,/media/tushita/TUSHITA_W11_DATA/movies/Tenkuu no Escaflowne/[Cleo]Tenkuu_no_Escaflowne_-_21_(Dual Audio_10bit_BD1080p_x265).mkv,706264614,mkv,/media/tushita/TUSHITA_W11_DATA/movies/Tenkuu no Escaflowne/[Cleo]Tenkuu_no_Escaflowne_-_21_(Dual Audio_10bit_BD1080p_x265).mkv,,False
,,,/media/tushita/TUSHITA_W11_DATA/movies/Tenkuu no Escaflowne,/media/tushita/TUSHITA_W11_DATA/movies/Tenkuu no Escaflowne/[Cleo]Tenkuu_no_Escaflowne_-_22_(Dual Audio_10bit_BD1080p_x265).mkv,713922262,mkv,/media/tushita/TUSHITA_W11_DATA/movies/Tenkuu no Escaflowne/[Cleo]Tenkuu_no_Escaflowne_-_22_(Dual Audio_10bit_BD1080p_x265).mkv,,False
,,,/media/tushita/TUSHITA_W11_DATA/movies/Tenkuu no Escaflowne,/media/tushita/TUSHITA_W11_DATA/movies/Tenkuu no Escaflowne/[Cleo]Tenkuu_no_Escaflowne_-_23_(Dual Audio_10bit_BD1080p_x265).mkv,721323841,mkv,/media/tushita/TUSHITA_W11_DATA/movies/Tenkuu no Escaflowne/[Cleo]Tenkuu_no_Escaflowne_-_23_(Dual Audio_10bit_BD1080p_x265).mkv,,False
,,,/media/tushita/TUSHITA_W11_DATA/movies/Tenkuu no Escaflowne,/media/tushita/TUSHITA_W11_DATA/movies/Tenkuu no Escaflowne/[Cleo]Tenkuu_no_Escaflowne_-_24_(Dual Audio_10bit_BD1080p_x265).mkv,763217618,mkv,/media/tushita/TUSHITA_W11_DATA/movies/Tenkuu no Escaflowne/[Cleo]Tenkuu_no_Escaflowne_-_24_(Dual Audio_10bit_BD1080p_x265).mkv,,False
,,,/media/tushita/TUSHITA_W11_DATA/movies/Tenkuu no Escaflowne,/media/tushita/TUSHITA_W11_DATA/movies/Tenkuu no Escaflowne/[Cleo]Tenkuu_no_Escaflowne_-_25_(Dual Audio_10bit_BD1080p_x265).mkv,693427321,mkv,/media/tushita/TUSHITA_W11_DATA/movies/Tenkuu no Escaflowne/[Cleo]Tenkuu_no_Escaflowne_-_25_(Dual Audio_10bit_BD1080p_x265).mkv,,False
,,,/media/tushita/TUSHITA_W11_DATA/movies/Tenkuu no Escaflowne,/media/tushita/TUSHITA_W11_DATA/movies/Tenkuu no Escaflowne/[Cleo]Tenkuu_no_Escaflowne_-_26_(Dual Audio_10bit_BD1080p_x265).mkv,791354507,mkv,/media/tushita/TUSHITA_W11_DATA/movies/Tenkuu no Escaflowne/[Cleo]Tenkuu_no_Escaflowne_-_26_(Dual Audio_10bit_BD1080p_x265).mkv,,False
Terminator 2,1991,1080p,/media/tushita/TUSHITA_W11_DATA/movies/Terminator 2 (1991) [1080p] [YTS.AG],/media/tushita/TUSHITA_W11_DATA/movies/Terminator 2 (1991) [1080p] [YTS.AG]/Terminator.2.1991.1080p.BluRay.x264-[YTS.AG].mp4,2560836678,mp4,/media/tushita/TUSHITA_W11_DATA/movies/Terminator 2 (1991) [1080p] [YTS.AG]/Terminator.2.1991.1080p.BluRay.x264-[YTS.AG].mp4,,False
Terminator 2 Judgment Day,1991,THEATRICAL,/media/tushita/TUSHITA_W11_DATA/movies/Terminator 2 Judgment Day (1991) [THEATRICAL] [2160p] [4K] [BluRay] [5.1] [YTS.MX],/media/tushita/TUSHITA_W11_DATA/movies/Terminator 2 Judgment Day (1991) [THEATRICAL] [2160p] [4K] [BluRay] [5.1] [YTS.MX]/Terminator.2.Judgment.Day.1991.THEATRICAL.2160p.4K.BluRay.x265.10bit.AAC5.1-[YTS.MX].mkv,6642697773,mkv,/media/tushita/TUSHITA_W11_DATA/movies/Terminator 2 Judgment Day (1991) [THEATRICAL] [2160p] [4K] [BluRay] [5.1] [YTS.MX]/Terminator.2.Judgment.Day.1991.THEATRICAL.2160p.4K.BluRay.x265.10bit.AAC5.1-[YTS.MX].mkv,,False
The Bad Guys 2,2025,1080p,/media/tushita/TUSHITA_W11_DATA/movies/The Bad Guys 2 (2025) [1080p] [WEBRip] [x265] [10bit] [5.1] [YTS.MX],/media/tushita/TUSHITA_W11_DATA/movies/The Bad Guys 2 (2025) [1080p] [WEBRip] [x265] [10bit] [5.1] [YTS.MX]/The.Bad.Guys.2.2025.1080p.WEBRip.x265.10bit.AAC5.1-[YTS.MX].mp4,1860357434,mp4,/media/tushita/TUSHITA_W11_DATA/movies/The Bad Guys 2 (2025) [1080p] [WEBRip] [x265] [10bit] [5.1] [YTS.MX]/The.Bad.Guys.2.2025.1080p.WEBRip.x265.10bit.AAC5.1-[YTS.MX].mp4,,False
The Boss Baby,2017,1080p,/media/tushita/TUSHITA_W11_DATA/movies/The Boss Baby (2017) [1080p] [YTS.AG],/media/tushita/TUSHITA_W11_DATA/movies/The Boss Baby (2017) [1080p] [YTS.AG]/The.Boss.Baby.2017.1080p.BluRay.x264-[YTS.AG].mp4,1586428477,mp4,/media/tushita/TUSHITA_W11_DATA/movies/The Boss Baby (2017) [1080p] [YTS.AG]/The.Boss.Baby.2017.1080p.BluRay.x264-[YTS.AG].mp4,,False
The Boss Baby Family Business,2021,1080p,/media/tushita/TUSHITA_W11_DATA/movies/The Boss Baby Family Business (2021) [1080p] [WEBRip] [5.1] [YTS.MX],/media/tushita/TUSHITA_W11_DATA/movies/The Boss Baby Family Business (2021) [1080p] [WEBRip] [5.1] [YTS.MX]/The.Boss.Baby.Family.Business.2021.1080p.WEBRip.x264.AAC5.1-[YTS.MX].mp4,2124667388,mp4,/media/tushita/TUSHITA_W11_DATA/movies/The Boss Baby Family Business (2021) [1080p] [WEBRip] [5.1] [YTS.MX]/The.Boss.Baby.Family.Business.2021.1080p.WEBRip.x264.AAC5.1-[YTS.MX].mp4,,False
The Boy And The Heron,2023,1080p,/media/tushita/TUSHITA_W11_DATA/movies/The Boy And The Heron (2023) [1080p] [WEBRip] [5.1] [YTS.MX],/media/tushita/TUSHITA_W11_DATA/movies/The Boy And The Heron (2023) [1080p] [WEBRip] [5.1] [YTS.MX]/The.Boy.And.The.Heron.2023.1080p.WEBRip.x264.AAC5.1-[YTS.MX].mp4,2453363210,mp4,/media/tushita/TUSHITA_W11_DATA/movies/The Boy And The Heron (2023) [1080p] [WEBRip] [5.1] [YTS.MX]/The.Boy.And.The.Heron.2023.1080p.WEBRip.x264.AAC5.1-[YTS.MX].mp4,,False
The Croods A New Age,2020,1080p,/media/tushita/TUSHITA_W11_DATA/movies/The Croods A New Age (2020) [1080p] [BluRay] [5.1] [YTS.MX],/media/tushita/TUSHITA_W11_DATA/movies/The Croods A New Age (2020) [1080p] [BluRay] [5.1] [YTS.MX]/The.Croods.A.New.Age.2020.1080p.BluRay.x264.AAC5.1-[YTS.MX].mp4,1884215879,mp4,/media/tushita/TUSHITA_W11_DATA/movies/The Croods A New Age (2020) [1080p] [BluRay] [5.1] [YTS.MX]/The.Croods.A.New.Age.2020.1080p.BluRay.x264.AAC5.1-[YTS.MX].mp4,,False
The Electric State,2025,2160p,/media/tushita/TUSHITA_W11_DATA/movies/The Electric State (2025) [2160p] [4K] [WEB] [5.1] [YTS.MX],/media/tushita/TUSHITA_W11_DATA/movies/The Electric State (2025) [2160p] [4K] [WEB] [5.1] [YTS.MX]/The.Electric.State.2025.2160p.4K.WEB.x265.10bit.AAC5.1-[YTS.MX].mkv,6180468752,mkv,/media/tushita/TUSHITA_W11_DATA/movies/The Electric State (2025) [2160p] [4K] [WEB] [5.1] [YTS.MX]/The.Electric.State.2025.2160p.4K.WEB.x265.10bit.AAC5.1-[YTS.MX].mkv,,False
The Godfather Part 2,1974,1080p,/media/tushita/TUSHITA_W11_DATA/movies/The Godfather Part 2 (1974) [1080p],/media/tushita/TUSHITA_W11_DATA/movies/The Godfather Part 2 (1974) [1080p]/The.Godfather.Part.2.1974.1080p.BrRip.x264.BOKUTOX.YIFY.mp4,2901310881,mp4,/media/tushita/TUSHITA_W11_DATA/movies/The Godfather Part 2 (1974) [1080p]/The.Godfather.Part.2.1974.1080p.BrRip.x264.BOKUTOX.YIFY.mp4,,False
The Iron Giant,1999,DIRECTOR CUT,/media/tushita/TUSHITA_W11_DATA/movies/The Iron Giant (1999) [DIRECTOR CUT] [REPACK] [1080p] [BluRay] [5.1] [YTS.MX],/media/tushita/TUSHITA_W11_DATA/movies/The Iron Giant (1999) [DIRECTOR CUT] [REPACK] [1080p] [BluRay] [5.1] [YTS.MX]/The.Iron.Giant.1999.DIRECTOR.CUT.REPACK.1080p.BluRay.x264.AAC5.1-[YTS.MX].mp4,1781532329,mp4,/media/tushita/TUSHITA_W11_DATA/movies/The Iron Giant (1999) [DIRECTOR CUT] [REPACK] [1080p] [BluRay] [5.1] [YTS.MX]/The.Iron.Giant.1999.DIRECTOR.CUT.REPACK.1080p.BluRay.x264.AAC5.1-[YTS.MX].mp4,,False
The Last Airbender,2010,2160p,/media/tushita/TUSHITA_W11_DATA/movies/The Last Airbender (2010) [2160p] [4K] [WEB] [5.1] [YTS.MX],/media/tushita/TUSHITA_W11_DATA/movies/The Last Airbender (2010) [2160p] [4K] [WEB] [5.1] [YTS.MX]/The.Last.Airbender.2010.2160p.4K.WEB.x265.10bit.AAC5.1-[YTS.MX].mkv,4942329431,mkv,/media/tushita/TUSHITA_W11_DATA/movies/The Last Airbender (2010) [2160p] [4K] [WEB] [5.1] [YTS.MX]/The.Last.Airbender.2010.2160p.4K.WEB.x265.10bit.AAC5.1-[YTS.MX].mkv,,False
The Lego Star Wars Holiday Special,2020,1080p,/media/tushita/TUSHITA_W11_DATA/movies/The Lego Star Wars Holiday Special (2020) [1080p] [BluRay] [5.1] [YTS.MX],/media/tushita/TUSHITA_W11_DATA/movies/The Lego Star Wars Holiday Special (2020) [1080p] [BluRay] [5.1] [YTS.MX]/The.Lego.Star.Wars.Holiday.Special.2020.1080p.BluRay.x264.AAC5.1-[YTS.MX].mp4,889898514,mp4,/media/tushita/TUSHITA_W11_DATA/movies/The Lego Star Wars Holiday Special (2020) [1080p] [BluRay] [5.1] [YTS.MX]/The.Lego.Star.Wars.Holiday.Special.2020.1080p.BluRay.x264.AAC5.1-[YTS.MX].mp4,,False
The Lord Of The Rings The Fellowship Of The Ring,2001,EXTENDED,/media/tushita/TUSHITA_W11_DATA/movies/The Lord Of The Rings The Fellowship Of The Ring (2001) [EXTENDED] [2160p] [4K] [BluRay] [5.1] [YTS.MX],/media/tushita/TUSHITA_W11_DATA/movies/The Lord Of The Rings The Fellowship Of The Ring (2001) [EXTENDED] [2160p] [4K] [BluRay] [5.1] [YTS.MX]/The.Lord.Of.The.Rings.The.Fellowship.Of.The.Ring.2001.EXTENDED.2160p.4K.BluRay.x265.10bit.AAC5.1-[YTS.MX].mkv,11545916539,mkv,/media/tushita/TUSHITA_W11_DATA/movies/The Lord Of The Rings The Fellowship Of The Ring (2001) [EXTENDED] [2160p] [4K] [BluRay] [5.1] [YTS.MX]/The.Lord.Of.The.Rings.The.Fellowship.Of.The.Ring.2001.EXTENDED.2160p.4K.BluRay.x265.10bit.AAC5.1-[YTS.MX].mkv,,False
The Lord Of The Rings The Return Of The King,2003,EXTENDED,/media/tushita/TUSHITA_W11_DATA/movies/The Lord Of The Rings The Return Of The King (2003) [EXTENDED] [2160p] [4K] [BluRay] [5.1] [YTS.MX],/media/tushita/TUSHITA_W11_DATA/movies/The Lord Of The Rings The Return Of The King (2003) [EXTENDED] [2160p] [4K] [BluRay] [5.1] [YTS.MX]/The.Lord.Of.The.Rings.The.Return.Of.The.King.2003.EXTENDED.2160p.4K.BluRay.x265.10bit.AAC5.1-[YTS.MX].mkv,13174912766,mkv,/media/tushita/TUSHITA_W11_DATA/movies/The Lord Of The Rings The Return Of The King (2003) [EXTENDED] [2160p] [4K] [BluRay] [5.1] [YTS.MX]/The.Lord.Of.The.Rings.The.Return.Of.The.King.2003.EXTENDED.2160p.4K.BluRay.x265.10bit.AAC5.1-[YTS.MX].mkv,,False
The Lord Of The Rings The Two Towers,2002,EXTENDED,/media/tushita/TUSHITA_W11_DATA/movies/The Lord Of The Rings The Two Towers (2002) [EXTENDED] [2160p] [4K] [BluRay] [5.1] [YTS.MX],/media/tushita/TUSHITA_W11_DATA/movies/The Lord Of The Rings The Two Towers (2002) [EXTENDED] [2160p] [4K] [BluRay] [5.1] [YTS.MX]/The.Lord.Of.The.Rings.The.Two.Towers.2002.EXTENDED.2160p.4K.BluRay.x265.10bit.AAC5.1-[YTS.MX].mkv,11922980206,mkv,/media/tushita/TUSHITA_W11_DATA/movies/The Lord Of The Rings The Two Towers (2002) [EXTENDED] [2160p] [4K] [BluRay] [5.1] [YTS.MX]/The.Lord.Of.The.Rings.The.Two.Towers.2002.EXTENDED.2160p.4K.BluRay.x265.10bit.AAC5.1-[YTS.MX].mkv,,False
The Other Guys,2010,2160p,/media/tushita/TUSHITA_W11_DATA/movies/The Other Guys (2010) [2160p] [4K] [WEB] [5.1] [YTS.MX],/media/tushita/TUSHITA_W11_DATA/movies/The Other Guys (2010) [2160p] [4K] [WEB] [5.1] [YTS.MX]/The.Other.Guys.2010.2160p.4K.WEB.x265.10bit.AAC5.1-[YTS.MX].mkv,5150737453,mkv,/media/tushita/TUSHITA_W11_DATA/movies/The Other Guys (2010) [2160p] [4K] [WEB] [5.1] [YTS.MX]/The.Other.Guys.2010.2160p.4K.WEB.x265.10bit.AAC5.1-[YTS.MX].mkv,,False
The Phoenician Scheme,2025,2160p,/media/tushita/TUSHITA_W11_DATA/movies/The Phoenician Scheme (2025) [2160p] [4K] [WEB] [5.1] [YTS.MX],/media/tushita/TUSHITA_W11_DATA/movies/The Phoenician Scheme (2025) [2160p] [4K] [WEB] [5.1] [YTS.MX]/The.Phoenician.Scheme.2025.2160p.4K.WEB.x265.10bit.AAC5.1-[YTS.MX].mkv,4860154493,mkv,/media/tushita/TUSHITA_W11_DATA/movies/The Phoenician Scheme (2025) [2160p] [4K] [WEB] [5.1] [YTS.MX]/The.Phoenician.Scheme.2025.2160p.4K.WEB.x265.10bit.AAC5.1-[YTS.MX].mkv,,False
The Primevals,2023,1080p,/media/tushita/TUSHITA_W11_DATA/movies/The Primevals (2023) [1080p] [WEBRip] [x265] [10bit] [YTS.MX],/media/tushita/TUSHITA_W11_DATA/movies/The Primevals (2023) [1080p] [WEBRip] [x265] [10bit] [YTS.MX]/The.Primevals.2023.1080p.WEBRip.x265.10bit.AAC-[YTS.MX].mp4,1454839636,mp4,/media/tushita/TUSHITA_W11_DATA/movies/The Primevals (2023) [1080p] [WEBRip] [x265] [10bit] [YTS.MX]/The.Primevals.2023.1080p.WEBRip.x265.10bit.AAC-[YTS.MX].mp4,,False
DragonHeart,1996,2160p,/media/tushita/TUSHITA_W11_DATA/movies/DragonHeart (1996) [2160p] [4K] [BluRay] [5.1] [YTS.MX],/media/tushita/TUSHITA_W11_DATA/movies/DragonHeart (1996) [2160p] [4K] [BluRay] [5.1] [YTS.MX]/DragonHeart.1996.2160p.4K.BluRay.x265.10bit.AAC5.1-[YTS.MX].mkv,4961172487,mkv,/media/tushita/TUSHITA_W11_DATA/movies/DragonHeart (1996) [2160p] [4K] [BluRay] [5.1] [YTS.MX]/DragonHeart.1996.2160p.4K.BluRay.x265.10bit.AAC5.1-[YTS.MX].mkv,,False
Dragonheart Vengeance,2020,1080p,/media/tushita/TUSHITA_W11_DATA/movies/Dragonheart Vengeance (2020) [1080p] [BluRay] [5.1] [YTS.MX],/media/tushita/TUSHITA_W11_DATA/movies/Dragonheart Vengeance (2020) [1080p] [BluRay] [5.1] [YTS.MX]/Dragonheart.Vengeance.2020.1080p.BluRay.x264.AAC5.1-[YTS.MX].mp4,1849188768,mp4,/media/tushita/TUSHITA_W11_DATA/movies/Dragonheart Vengeance (2020) [1080p] [BluRay] [5.1] [YTS.MX]/Dragonheart.Vengeance.2020.1080p.BluRay.x264.AAC5.1-[YTS.MX].mp4,,False
Dune,1984,2160p,/media/tushita/TUSHITA_W11_DATA/movies/Dune (1984) [2160p] [4K] [BluRay] [5.1] [YTS.MX],/media/tushita/TUSHITA_W11_DATA/movies/Dune (1984) [2160p] [4K] [BluRay] [5.1] [YTS.MX]/Dune.1984.2160p.4K.BluRay.x265.10bit.AAC5.1-[YTS.MX].mkv,6578713150,mkv,/media/tushita/TUSHITA_W11_DATA/movies/Dune (1984) [2160p] [4K] [BluRay] [5.1] [YTS.MX]/Dune.1984.2160p.4K.BluRay.x265.10bit.AAC5.1-[YTS.MX].mkv,,False
Elio,2025,1080p,/media/tushita/TUSHITA_W11_DATA/movies/Elio (2025) [1080p] [WEBRip] [x265] [10bit] [5.1] [YTS.MX],/media/tushita/TUSHITA_W11_DATA/movies/Elio (2025) [1080p] [WEBRip] [x265] [10bit] [5.1] [YTS.MX]/Elio.2025.1080p.WEBRip.x265.10bit.AAC5.1-[YTS.MX].mp4,1752742797,mp4,/media/tushita/TUSHITA_W11_DATA/movies/Elio (2025) [1080p] [WEBRip] [x265] [10bit] [5.1] [YTS.MX]/Elio.2025.1080p.WEBRip.x265.10bit.AAC5.1-[YTS.MX].mp4,,False
Emma.,2020,1080p,/media/tushita/TUSHITA_W11_DATA/movies/Emma. (2020) [1080p] [BluRay] [5.1] [YTS.MX],/media/tushita/TUSHITA_W11_DATA/movies/Emma. (2020) [1080p] [BluRay] [5.1] [YTS.MX]/Emma..2020.1080p.BluRay.x264.AAC5.1-[YTS.MX].mp4,2461342991,mp4,/media/tushita/TUSHITA_W11_DATA/movies/Emma. (2020) [1080p] [BluRay] [5.1] [YTS.MX]/Emma..2020.1080p.BluRay.x264.AAC5.1-[YTS.MX].mp4,,False
Eraserhead,1977,2160p,/media/tushita/TUSHITA_W11_DATA/movies/Eraserhead (1977) [2160p] [4K] [BluRay] [5.1] [YTS.MX],/media/tushita/TUSHITA_W11_DATA/movies/Eraserhead (1977) [2160p] [4K] [BluRay] [5.1] [YTS.MX]/Eraserhead.1977.2160p.4K.BluRay.x265.10bit.AAC5.1-[YTS.MX].mkv,4295637217,mkv,/media/tushita/TUSHITA_W11_DATA/movies/Eraserhead (1977) [2160p] [4K] [BluRay] [5.1] [YTS.MX]/Eraserhead.1977.2160p.4K.BluRay.x265.10bit.AAC5.1-[YTS.MX].mkv,,False
First Blood,1982,2160p,/media/tushita/TUSHITA_W11_DATA/movies/First Blood (1982) [2160p] [4K] [BluRay] [5.1] [YTS.MX],/media/tushita/TUSHITA_W11_DATA/movies/First Blood (1982) [2160p] [4K] [BluRay] [5.1] [YTS.MX]/First.Blood.1982.2160p.4K.BluRay.x265.10bit.AAC5.1-[YTS.MX].mkv,4626405037,mkv,/media/tushita/TUSHITA_W11_DATA/movies/First Blood (1982) [2160p] [4K] [BluRay] [5.1] [YTS.MX]/First.Blood.1982.2160p.4K.BluRay.x265.10bit.AAC5.1-[YTS.MX].mkv,,False
,,,/media/tushita/TUSHITA_W11_DATA/movies/Foundation (2021) Season 1 - HEVC 2160p 7RIP,/media/tushita/TUSHITA_W11_DATA/movies/Foundation (2021) Season 1 - HEVC 2160p 7RIP/S01E01 - The Emperor's Peace.mkv,491121284,mkv,/media/tushita/TUSHITA_W11_DATA/movies/Foundation (2021) Season 1 - HEVC 2160p 7RIP/S01E01 - The Emperor's Peace.mkv,,False
,,,/media/tushita/TUSHITA_W11_DATA/movies/Foundation (2021) Season 1 - HEVC 2160p 7RIP,/media/tushita/TUSHITA_W11_DATA/movies/Foundation (2021) Season 1 - HEVC 2160p 7RIP/S01E01 - The Emperor's Peace_transcoded.mp4,663748656,mp4,/media/tushita/TUSHITA_W11_DATA/movies/Foundation (2021) Season 1 - HEVC 2160p 7RIP/S01E01 - The Emperor's Peace_transcoded.mp4,,False
,,,/media/tushita/TUSHITA_W11_DATA/movies/Foundation (2021) Season 1 - HEVC 2160p 7RIP,/media/tushita/TUSHITA_W11_DATA/movies/Foundation (2021) Season 1 - HEVC 2160p 7RIP/S01E02 - Preparing to Live.mkv,513082321,mkv,/media/tushita/TUSHITA_W11_DATA/movies/Foundation (2021) Season 1 - HEVC 2160p 7RIP/S01E02 - Preparing to Live.mkv,,False
,,,/media/tushita/TUSHITA_W11_DATA/movies/Foundation (2021) Season 1 - HEVC 2160p 7RIP,/media/tushita/TUSHITA_W11_DATA/movies/Foundation (2021) Season 1 - HEVC 2160p 7RIP/S01E02 - Preparing to Live_transcoded.mp4,699924599,mp4,/media/tushita/TUSHITA_W11_DATA/movies/Foundation (2021) Season 1 - HEVC 2160p 7RIP/S01E02 - Preparing to Live_transcoded.mp4,,False
,,,/media/tushita/TUSHITA_W11_DATA/movies/Foundation (2021) Season 1 - HEVC 2160p 7RIP,/media/tushita/TUSHITA_W11_DATA/movies/Foundation (2021) Season 1 - HEVC 2160p 7RIP/S01E03 - The Mathematician’s Ghost.mkv,370151937,mkv,/media/tushita/TUSHITA_W11_DATA/movies/Foundation (2021) Season 1 - HEVC 2160p 7RIP/S01E03 - The Mathematician’s Ghost.mkv,,False
,,,/media/tushita/TUSHITA_W11_DATA/movies/Foundation (2021) Season 1 - HEVC 2160p 7RIP,/media/tushita/TUSHITA_W11_DATA/movies/Foundation (2021) Season 1 - HEVC 2160p 7RIP/S01E03 - The Mathematician’s Ghost_transcoded.mp4,469500023,mp4,/media/tushita/TUSHITA_W11_DATA/movies/Foundation (2021) Season 1 - HEVC 2160p 7RIP/S01E03 - The Mathematician’s Ghost_transcoded.mp4,,False
,,,/media/tushita/TUSHITA_W11_DATA/movies/Foundation (2021) Season 1 - HEVC 2160p 7RIP,/media/tushita/TUSHITA_W11_DATA/movies/Foundation (2021) Season 1 - HEVC 2160p 7RIP/S01E04 - Barbarians at the Gate.mkv,317054610,mkv,/media/tushita/TUSHITA_W11_DATA/movies/Foundation (2021) Season 1 - HEVC 2160p 7RIP/S01E04 - Barbarians at the Gate.mkv,,False
,,,/media/tushita/TUSHITA_W11_DATA/movies/Foundation (2021) Season 1 - HEVC 2160p 7RIP,/media/tushita/TUSHITA_W11_DATA/movies/Foundation (2021) Season 1 - HEVC 2160p 7RIP/S01E04 - Barbarians at the Gate_transcoded.mp4,557842528,mp4,/media/tushita/TUSHITA_W11_DATA/movies/Foundation (2021) Season 1 - HEVC 2160p 7RIP/S01E04 - Barbarians at the Gate_transcoded.mp4,,False
,,,/media/tushita/TUSHITA_W11_DATA/movies/Foundation (2021) Season 1 - HEVC 2160p 7RIP,/media/tushita/TUSHITA_W11_DATA/movies/Foundation (2021) Season 1 - HEVC 2160p 7RIP/S01E05 - Upon Awakening.mkv,454886227,mkv,/media/tushita/TUSHITA_W11_DATA/movies/Foundation (2021) Season 1 - HEVC 2160p 7RIP/S01E05 - Upon Awakening.mkv,,False
,,,/media/tushita/TUSHITA_W11_DATA/movies/Foundation (2021) Season 1 - HEVC 2160p 7RIP,/media/tushita/TUSHITA_W11_DATA/movies/Foundation (2021) Season 1 - HEVC 2160p 7RIP/S01E06 - Death and the Maiden.mkv,491135124,mkv,/media/tushita/TUSHITA_W11_DATA/movies/Foundation (2021) Season 1 - HEVC 2160p 7RIP/S01E06 - Death and the Maiden.mkv,,False
,,,/media/tushita/TUSHITA_W11_DATA/movies/Foundation (2021) Season 1 - HEVC 2160p 7RIP,/media/tushita/TUSHITA_W11_DATA/movies/Foundation (2021) Season 1 - HEVC 2160p 7RIP/S01E07 - Mysteries and Martyrs.mkv,417497925,mkv,/media/tushita/TUSHITA_W11_DATA/movies/Foundation (2021) Season 1 - HEVC 2160p 7RIP/S01E07 - Mysteries and Martyrs.mkv,,False
,,,/media/tushita/TUSHITA_W11_DATA/movies/Foundation (2021) Season 1 - HEVC 2160p 7RIP,/media/tushita/TUSHITA_W11_DATA/movies/Foundation (2021) Season 1 - HEVC 2160p 7RIP/S01E08 - The Missing Piece.mkv,472123563,mkv,/media/tushita/TUSHITA_W11_DATA/movies/Foundation (2021) Season 1 - HEVC 2160p 7RIP/S01E08 - The Missing Piece.mkv,,False
,,,/media/tushita/TUSHITA_W11_DATA/movies/Foundation (2021) Season 1 - HEVC 2160p 7RIP,/media/tushita/TUSHITA_W11_DATA/movies/Foundation (2021) Season 1 - HEVC 2160p 7RIP/S01E09 - The First Crisis.mkv,518234162,mkv,/media/tushita/TUSHITA_W11_DATA/movies/Foundation (2021) Season 1 - HEVC 2160p 7RIP/S01E09 - The First Crisis.mkv,,False
,,,/media/tushita/TUSHITA_W11_DATA/movies/Foundation (2021) Season 1 - HEVC 2160p 7RIP,/media/tushita/TUSHITA_W11_DATA/movies/Foundation (2021) Season 1 - HEVC 2160p 7RIP/S01E10 - The Leap.mkv,551007322,mkv,/media/tushita/TUSHITA_W11_DATA/movies/Foundation (2021) Season 1 - HEVC 2160p 7RIP/S01E10 - The Leap.mkv,,False
Free Willy,1993,1080p,/media/tushita/TUSHITA_W11_DATA/movies/Free Willy (1993) [1080p],/media/tushita/TUSHITA_W11_DATA/movies/Free Willy (1993) [1080p]/Free.Willy.1993.1080p.BluRay.x264.YIFY.mp4,1770673547,mp4,/media/tushita/TUSHITA_W11_DATA/movies/Free Willy (1993) [1080p]/Free.Willy.1993.1080p.BluRay.x264.YIFY.mp4,,False
Free Willy 2 The Adventure Home,1995,1080p,/media/tushita/TUSHITA_W11_DATA/movies/Free Willy 2 The Adventure Home (1995) [1080p] [WEBRip] [YTS.MX],/media/tushita/TUSHITA_W11_DATA/movies/Free Willy 2 The Adventure Home (1995) [1080p] [WEBRip] [YTS.MX]/Free.Willy.2.The.Adventure.Home.1995.1080p.WEBRip.x264.AAC-[YTS.MX].mp4,1749152455,mp4,/media/tushita/TUSHITA_W11_DATA/movies/Free Willy 2 The Adventure Home (1995) [1080p] [WEBRip] [YTS.MX]/Free.Willy.2.The.Adventure.Home.1995.1080p.WEBRip.x264.AAC-[YTS.MX].mp4,,False
Frozen The Hit Broadway Musical,2025,2160p,/media/tushita/TUSHITA_W11_DATA/movies/Frozen The Hit Broadway Musical (2025) [2160p] [4K] [WEB] [5.1] [YTS.MX],/media/tushita/TUSHITA_W11_DATA/movies/Frozen The Hit Broadway Musical (2025) [2160p] [4K] [WEB] [5.1] [YTS.MX]/Frozen.The.Hit.Broadway.Musical.2025.2160p.4K.WEB.x265.10bit.AAC5.1-[YTS.MX].mkv,5353290850,mkv,/media/tushita/TUSHITA_W11_DATA/movies/Frozen The Hit Broadway Musical (2025) [2160p] [4K] [WEB] [5.1] [YTS.MX]/Frozen.The.Hit.Broadway.Musical.2025.2160p.4K.WEB.x265.10bit.AAC5.1-[YTS.MX].mkv,,False
Full Metal Jacket,1987,2160p,/media/tushita/TUSHITA_W11_DATA/movies/Full Metal Jacket (1987) [2160p] [4K] [BluRay] [5.1] [YTS.MX],/media/tushita/TUSHITA_W11_DATA/movies/Full Metal Jacket (1987) [2160p] [4K] [BluRay] [5.1] [YTS.MX]/Full.Metal.Jacket.1987.2160p.4K.BluRay.x265.10bit.AAC5.1-[YTS.MX].mkv,6243927333,mkv,/media/tushita/TUSHITA_W11_DATA/movies/Full Metal Jacket (1987) [2160p] [4K] [BluRay] [5.1] [YTS.MX]/Full.Metal.Jacket.1987.2160p.4K.BluRay.x265.10bit.AAC5.1-[YTS.MX].mkv,,False
Furiosa A Mad Max Saga,2024,2160p,/media/tushita/TUSHITA_W11_DATA/movies/Furiosa A Mad Max Saga (2024) [2160p] [4K] [WEB] [5.1] [YTS.MX],/media/tushita/TUSHITA_W11_DATA/movies/Furiosa A Mad Max Saga (2024) [2160p] [4K] [WEB] [5.1] [YTS.MX]/Furiosa.A.Mad.Max.Saga.2024.2160p.4K.WEB.x265.10bit.AAC5.1-[YTS.MX].mkv,7100458671,mkv,/media/tushita/TUSHITA_W11_DATA/movies/Furiosa A Mad Max Saga (2024) [2160p] [4K] [WEB] [5.1] [YTS.MX]/Furiosa.A.Mad.Max.Saga.2024.2160p.4K.WEB.x265.10bit.AAC5.1-[YTS.MX].mkv,,False
Godzilla Minus One,2023,2160p,/media/tushita/TUSHITA_W11_DATA/movies/Godzilla Minus One (2023) [2160p] [4K] [BluRay] [5.1] [YTS.MX],/media/tushita/TUSHITA_W11_DATA/movies/Godzilla Minus One (2023) [2160p] [4K] [BluRay] [5.1] [YTS.MX]/Godzilla.Minus.One.2023.2160p.4K.BluRay.x265.10bit.AAC5.1-[YTS.MX].mkv,5976666460,mkv,/media/tushita/TUSHITA_W11_DATA/movies/Godzilla Minus One (2023) [2160p] [4K] [BluRay] [5.1] [YTS.MX]/Godzilla.Minus.One.2023.2160p.4K.BluRay.x265.10bit.AAC5.1-[YTS.MX].mkv,,False
Godzilla X Kong The New Empire,2024,2160p,/media/tushita/TUSHITA_W11_DATA/movies/Godzilla X Kong The New Empire (2024) [2160p] [4K] [WEB] [5.1] [YTS.MX],/media/tushita/TUSHITA_W11_DATA/movies/Godzilla X Kong The New Empire (2024) [2160p] [4K] [WEB] [5.1] [YTS.MX]/Godzilla.X.Kong.The.New.Empire.2024.2160p.4K.WEB.x265.10bit.AAC5.1-[YTS.MX].mkv,5489369595,mkv,/media/tushita/TUSHITA_W11_DATA/movies/Godzilla X Kong The New Empire (2024) [2160p] [4K] [WEB] [5.1] [YTS.MX]/Godzilla.X.Kong.The.New.Empire.2024.2160p.4K.WEB.x265.10bit.AAC5.1-[YTS.MX].mkv,,False
Gullivers Travels,2010,1080p,/media/tushita/TUSHITA_W11_DATA/movies/Gullivers Travels (2010) [1080p] [BluRay] [5.1] [YTS.MX],/media/tushita/TUSHITA_W11_DATA/movies/Gullivers Travels (2010) [1080p] [BluRay] [5.1] [YTS.MX]/Gullivers.Travels.2010.1080p.BluRay.x264.AAC5.1-[YTS.MX].mp4,1676515712,mp4,/media/tushita/TUSHITA_W11_DATA/movies/Gullivers Travels (2010) [1080p] [BluRay] [5.1] [YTS.MX]/Gullivers.Travels.2010.1080p.BluRay.x264.AAC5.1-[YTS.MX].mp4,,False
Happy Gilmore 2,2025,2160p,/media/tushita/TUSHITA_W11_DATA/movies/Happy Gilmore 2 (2025) [2160p] [4K] [WEB] [5.1] [YTS.MX],/media/tushita/TUSHITA_W11_DATA/movies/Happy Gilmore 2 (2025) [2160p] [4K] [WEB] [5.1] [YTS.MX]/Happy.Gilmore.2.2025.2160p.4K.WEB.x265.10bit.AAC5.1-[YTS.MX].mkv,5637762204,mkv,/media/tushita/TUSHITA_W11_DATA/movies/Happy Gilmore 2 (2025) [2160p] [4K] [WEB] [5.1] [YTS.MX]/Happy.Gilmore.2.2025.2160p.4K.WEB.x265.10bit.AAC5.1-[YTS.MX].mkv,,False
Harry Potter And The Deathly Hallows Part 1,2010,2160p,/media/tushita/TUSHITA_W11_DATA/movies/Harry Potter And The Deathly Hallows Part 1 (2010) [2160p] [4K] [BluRay] [HDR] [5.1] [YTS.MX],/media/tushita/TUSHITA_W11_DATA/movies/Harry Potter And The Deathly Hallows Part 1 (2010) [2160p] [4K] [BluRay] [HDR] [5.1] [YTS.MX]/Harry.Potter.And.The.Deathly.Hallows.Part.1.2010.2160p.4K.BluRay.x265.10bit.HDR.AAC5.1-[YTS.MX].mkv,7051274575,mkv,/media/tushita/TUSHITA_W11_DATA/movies/Harry Potter And The Deathly Hallows Part 1 (2010) [2160p] [4K] [BluRay] [HDR] [5.1] [YTS.MX]/Harry.Potter.And.The.Deathly.Hallows.Part.1.2010.2160p.4K.BluRay.x265.10bit.HDR.AAC5.1-[YTS.MX].mkv,,False
The Reef,2006,1080p,/media/tushita/TUSHITA_W11_DATA/movies/The Reef (2006) [1080p] [WEBRip] [YTS.MX],/media/tushita/TUSHITA_W11_DATA/movies/The Reef (2006) [1080p] [WEBRip] [YTS.MX]/The.Reef.2006.1080p.WEBRip.x264.AAC-[YTS.MX].mp4,1330667373,mp4,/media/tushita/TUSHITA_W11_DATA/movies/The Reef (2006) [1080p] [WEBRip] [YTS.MX]/The.Reef.2006.1080p.WEBRip.x264.AAC-[YTS.MX].mp4,,False
The Return Of The King,1980,1080p,/media/tushita/TUSHITA_W11_DATA/movies/The Return Of The King (1980) [1080p] [WEBRip] [YTS.MX],/media/tushita/TUSHITA_W11_DATA/movies/The Return Of The King (1980) [1080p] [WEBRip] [YTS.MX]/The.Return.Of.The.King.1980.1080p.WEBRip.x264.AAC-[YTS.MX].mp4,1736508531,mp4,/media/tushita/TUSHITA_W11_DATA/movies/The Return Of The King (1980) [1080p] [WEBRip] [YTS.MX]/The.Return.Of.The.King.1980.1080p.WEBRip.x264.AAC-[YTS.MX].mp4,,False
The Ritchie Blackmore Story,2015,1080p,/media/tushita/TUSHITA_W11_DATA/movies/The Ritchie Blackmore Story (2015) [1080p] [BluRay] [5.1] [YTS.MX],/media/tushita/TUSHITA_W11_DATA/movies/The Ritchie Blackmore Story (2015) [1080p] [BluRay] [5.1] [YTS.MX]/The.Ritchie.Blackmore.Story.2015.1080p.BluRay.x264.AAC5.1-[YTS.MX].mp4,1794949224,mp4,/media/tushita/TUSHITA_W11_DATA/movies/The Ritchie Blackmore Story (2015) [1080p] [BluRay] [5.1] [YTS.MX]/The.Ritchie.Blackmore.Story.2015.1080p.BluRay.x264.AAC5.1-[YTS.MX].mp4,,False
The Vikings,1958,1080p,/media/tushita/TUSHITA_W11_DATA/movies/The Vikings (1958) [1080p] [YTS.AG],/media/tushita/TUSHITA_W11_DATA/movies/The Vikings (1958) [1080p] [YTS.AG]/The.Vikings.1958.1080p.BluRay.x264-[YTS.AG].mp4,1873367163,mp4,/media/tushita/TUSHITA_W11_DATA/movies/The Vikings (1958) [1080p] [YTS.AG]/The.Vikings.1958.1080p.BluRay.x264-[YTS.AG].mp4,,False
The Way We Were,1973,1080p,/media/tushita/TUSHITA_W11_DATA/movies/The Way We Were (1973) [1080p] [BluRay] [5.1] [YTS.MX],/media/tushita/TUSHITA_W11_DATA/movies/The Way We Were (1973) [1080p] [BluRay] [5.1] [YTS.MX]/The.Way.We.Were.1973.1080p.BluRay.x264.AAC5.1-[YTS.MX].mp4,2342612051,mp4,/media/tushita/TUSHITA_W11_DATA/movies/The Way We Were (1973) [1080p] [BluRay] [5.1] [YTS.MX]/The.Way.We.Were.1973.1080p.BluRay.x264.AAC5.1-[YTS.MX].mp4,,False
The Wild Robot,2024,2160p,/media/tushita/TUSHITA_W11_DATA/movies/The Wild Robot (2024) [2160p] [4K] [WEB] [5.1] [YTS.MX],/media/tushita/TUSHITA_W11_DATA/movies/The Wild Robot (2024) [2160p] [4K] [WEB] [5.1] [YTS.MX]/The.Wild.Robot.2024.2160p.4K.WEB.x265.10bit.AAC5.1-[YTS.MX].mkv,4874560158,mkv,/media/tushita/TUSHITA_W11_DATA/movies/The Wild Robot (2024) [2160p] [4K] [WEB] [5.1] [YTS.MX]/The.Wild.Robot.2024.2160p.4K.WEB.x265.10bit.AAC5.1-[YTS.MX].mkv,,False
,,,/media/tushita/TUSHITA_W11_DATA/movies/The.Lord.of.the.Rings.The.Return.Of.The.King.2003.EXTENDED.2160p.UHD.BluRay.x265.10bit.HDR.DDP5.1-RARBG,/media/tushita/TUSHITA_W11_DATA/movies/The.Lord.of.the.Rings.The.Return.Of.The.King.2003.EXTENDED.2160p.UHD.BluRay.x265.10bit.HDR.DDP5.1-RARBG/The.Lord.of.the.Rings.The.Return.Of.The.King.2003.EXTENDED.2160p.UHD.BluRay.x265.10bit.HDR.DDP5.1-RARBG.mkv,17112840440,mkv,/media/tushita/TUSHITA_W11_DATA/movies/The.Lord.of.the.Rings.The.Return.Of.The.King.2003.EXTENDED.2160p.UHD.BluRay.x265.10bit.HDR.DDP5.1-RARBG/The.Lord.of.the.Rings.The.Return.Of.The.King.2003.EXTENDED.2160p.UHD.BluRay.x265.10bit.HDR.DDP5.1-RARBG.mkv,,False
,,,/media/tushita/TUSHITA_W11_DATA/movies/The.Lord.Of.The.Rings.The.War.Of.The.Rohirrim.2024.1080p.WEBRip.10Bit.DDP5.1.x265-Asiimov,/media/tushita/TUSHITA_W11_DATA/movies/The.Lord.Of.The.Rings.The.War.Of.The.Rohirrim.2024.1080p.WEBRip.10Bit.DDP5.1.x265-Asiimov/The.Lord.Of.The.Rings.The.War.Of.The.Rohirrim.2024.1080p.WEBRip.10Bit.DDP5.1.x265-Asiimov.mkv,1900555274,mkv,/media/tushita/TUSHITA_W11_DATA/movies/The.Lord.Of.The.Rings.The.War.Of.The.Rohirrim.2024.1080p.WEBRip.10Bit.DDP5.1.x265-Asiimov/The.Lord.Of.The.Rings.The.War.Of.The.Rohirrim.2024.1080p.WEBRip.10Bit.DDP5.1.x265-Asiimov.mkv,,False
,,,/media/tushita/TUSHITA_W11_DATA/movies/The.Tale.of.the.Princess.Kaguya.2013.BDRip.x264-PSYCHD[rarbg],/media/tushita/TUSHITA_W11_DATA/movies/The.Tale.of.the.Princess.Kaguya.2013.BDRip.x264-PSYCHD[rarbg]/the.tale.of.the.princess.kaguya.2013.bdrip.x264-psychd.mkv,1055589334,mkv,/media/tushita/TUSHITA_W11_DATA/movies/The.Tale.of.the.Princess.Kaguya.2013.BDRip.x264-PSYCHD[rarbg]/the.tale.of.the.princess.kaguya.2013.bdrip.x264-psychd.mkv,,False
Thunderbolt And Lightfoot,1974,REMASTERED,/media/tushita/TUSHITA_W11_DATA/movies/Thunderbolt And Lightfoot (1974) [REMASTERED] [1080p] [BluRay] [5.1] [YTS.MX],/media/tushita/TUSHITA_W11_DATA/movies/Thunderbolt And Lightfoot (1974) [REMASTERED] [1080p] [BluRay] [5.1] [YTS.MX]/Thunderbolt.And.Lightfoot.1974.REMASTERED.1080p.BluRay.x264.AAC5.1-[YTS.MX].mp4,2272227805,mp4,/media/tushita/TUSHITA_W11_DATA/movies/Thunderbolt And Lightfoot (1974) [REMASTERED] [1080p] [BluRay] [5.1] [YTS.MX]/Thunderbolt.And.Lightfoot.1974.REMASTERED.1080p.BluRay.x264.AAC5.1-[YTS.MX].mp4,,False
Turbo A Power Rangers Movie,1997,1080p,/media/tushita/TUSHITA_W11_DATA/movies/Turbo A Power Rangers Movie (1997) [1080p] [BluRay] [5.1] [YTS.MX],/media/tushita/TUSHITA_W11_DATA/movies/Turbo A Power Rangers Movie (1997) [1080p] [BluRay] [5.1] [YTS.MX]/Turbo.A.Power.Rangers.Movie.1997.1080p.BluRay.x264.AAC5.1-[YTS.MX].mp4,1970973543,mp4,/media/tushita/TUSHITA_W11_DATA/movies/Turbo A Power Rangers Movie (1997) [1080p] [BluRay] [5.1] [YTS.MX]/Turbo.A.Power.Rangers.Movie.1997.1080p.BluRay.x264.AAC5.1-[YTS.MX].mp4,,False
Wallace Gromit Vengeance Most Fowl,2024,1080p,/media/tushita/TUSHITA_W11_DATA/movies/Wallace Gromit Vengeance Most Fowl (2024) [1080p] [WEBRip] [x265] [10bit] [YTS.MX],/media/tushita/TUSHITA_W11_DATA/movies/Wallace Gromit Vengeance Most Fowl (2024) [1080p] [WEBRip] [x265] [10bit] [YTS.MX]/Wallace.Gromit.Vengeance.Most.Fowl.2024.1080p.WEBRip.x265.10bit.AAC-[YTS.MX].mp4,1216889324,mp4,/media/tushita/TUSHITA_W11_DATA/movies/Wallace Gromit Vengeance Most Fowl (2024) [1080p] [WEBRip] [x265] [10bit] [YTS.MX]/Wallace.Gromit.Vengeance.Most.Fowl.2024.1080p.WEBRip.x265.10bit.AAC-[YTS.MX].mp4,,False
Wicked,2024,2160p,/media/tushita/TUSHITA_W11_DATA/movies/Wicked (2024) [2160p] [4K] [WEB] [5.1] [YTS.MX],/media/tushita/TUSHITA_W11_DATA/movies/Wicked (2024) [2160p] [4K] [WEB] [5.1] [YTS.MX]/Wicked.2024.2160p.4K.WEB.x265.10bit.AAC5.1-[YTS.MX].mkv,7733557347,mkv,/media/tushita/TUSHITA_W11_DATA/movies/Wicked (2024) [2160p] [4K] [WEB] [5.1] [YTS.MX]/Wicked.2024.2160p.4K.WEB.x265.10bit.AAC5.1-[YTS.MX].mkv,,False
,,,/media/tushita/TUSHITA_W11_DATA/movies/Wild Kratts,/media/tushita/TUSHITA_W11_DATA/movies/Wild Kratts/Wild Kratts Season 1_S01E01_Mom of a Croc.mp4,858511302,mp4,/media/tushita/TUSHITA_W11_DATA/movies/Wild Kratts/Wild Kratts Season 1_S01E01_Mom of a Croc.mp4,,False
,,,/media/tushita/TUSHITA_W11_DATA/movies/Wild Kratts,/media/tushita/TUSHITA_W11_DATA/movies/Wild Kratts/Wild Kratts Season 1_S01E02_Whale of a Squid.mp4,857407548,mp4,/media/tushita/TUSHITA_W11_DATA/movies/Wild Kratts/Wild Kratts Season 1_S01E02_Whale of a Squid.mp4,,False
,,,/media/tushita/TUSHITA_W11_DATA/movies/Wild Kratts,/media/tushita/TUSHITA_W11_DATA/movies/Wild Kratts/Wild Kratts Season 1_S01E03_Aardvark Town.mp4,965066106,mp4,/media/tushita/TUSHITA_W11_DATA/movies/Wild Kratts/Wild Kratts Season 1_S01E03_Aardvark Town.mp4,,False
,,,/media/tushita/TUSHITA_W11_DATA/movies/Wild Kratts,/media/tushita/TUSHITA_W11_DATA/movies/Wild Kratts/Wild Kratts Season 1_S01E04_Flight of the Draco.mp4,813443028,mp4,/media/tushita/TUSHITA_W11_DATA/movies/Wild Kratts/Wild Kratts Season 1_S01E04_Flight of the Draco.mp4,,False
,,,/media/tushita/TUSHITA_W11_DATA/movies/Wild Kratts,/media/tushita/TUSHITA_W11_DATA/movies/Wild Kratts/Wild Kratts Season 1_S01E05_Mystery of the Squirmy Wormy.mp4,1013990649,mp4,/media/tushita/TUSHITA_W11_DATA/movies/Wild Kratts/Wild Kratts Season 1_S01E05_Mystery of the Squirmy Wormy.mp4,,False
,,,/media/tushita/TUSHITA_W11_DATA/movies/Wild Kratts,/media/tushita/TUSHITA_W11_DATA/movies/Wild Kratts/Wild Kratts Season 1_S01E06_Platypus Cafe.mp4,1392849207,mp4,/media/tushita/TUSHITA_W11_DATA/movies/Wild Kratts/Wild Kratts Season 1_S01E06_Platypus Cafe.mp4,,False
,,,/media/tushita/TUSHITA_W11_DATA/movies/Wild Kratts,/media/tushita/TUSHITA_W11_DATA/movies/Wild Kratts/Wild Kratts Season 1_S01E07_Build it Beaver.mp4,995496426,mp4,/media/tushita/TUSHITA_W11_DATA/movies/Wild Kratts/Wild Kratts Season 1_S01E07_Build it Beaver.mp4,,False
,,,/media/tushita/TUSHITA_W11_DATA/movies/Wild Kratts,/media/tushita/TUSHITA_W11_DATA/movies/Wild Kratts/Wild Kratts Season 1_S01E08_Voyage of the Butterflier XT.mp4,1279737225,mp4,/media/tushita/TUSHITA_W11_DATA/movies/Wild Kratts/Wild Kratts Season 1_S01E08_Voyage of the Butterflier XT.mp4,,False
,,,/media/tushita/TUSHITA_W11_DATA/movies/Wild Kratts,/media/tushita/TUSHITA_W11_DATA/movies/Wild Kratts/Wild Kratts Season 1_S01E09_Honey Seekers.mp4,975097811,mp4,/media/tushita/TUSHITA_W11_DATA/movies/Wild Kratts/Wild Kratts Season 1_S01E09_Honey Seekers.mp4,,False
,,,/media/tushita/TUSHITA_W11_DATA/movies/Wild Kratts,/media/tushita/TUSHITA_W11_DATA/movies/Wild Kratts/Wild Kratts Season 1_S01E10_Bass Class.mp4,828826157,mp4,/media/tushita/TUSHITA_W11_DATA/movies/Wild Kratts/Wild Kratts Season 1_S01E10_Bass Class.mp4,,False
,,,/media/tushita/TUSHITA_W11_DATA/movies/Wild.Combination.A.Portrait.Of.Arthur.Russell.2008.DOCU.DVDRip.XviD-RiTALiN.[www.FilmsBT.com],/media/tushita/TUSHITA_W11_DATA/movies/Wild.Combination.A.Portrait.Of.Arthur.Russell.2008.DOCU.DVDRip.XviD-RiTALiN.[www.FilmsBT.com]/Wild.Combination.A.Portrait.Of.Arthur.Russell.2008.DOCU.DVDRip.XviD-RiTALiN.avi,734390272,avi,/media/tushita/TUSHITA_W11_DATA/movies/Wild.Combination.A.Portrait.Of.Arthur.Russell.2008.DOCU.DVDRip.XviD-RiTALiN.[www.FilmsBT.com]/Wild.Combination.A.Portrait.Of.Arthur.Russell.2008.DOCU.DVDRip.XviD-RiTALiN.avi,,False
,,,/media/tushita/TUSHITA_W11_DATA/movies/[Trix] Escaflowne (Season 1 + Movie) - AV1,/media/tushita/TUSHITA_W11_DATA/movies/[Trix] Escaflowne (Season 1 + Movie) - AV1/[Trix] Tenkuu no Escaflowne 10 (BD 1080p AV1).mkv,127997347,mkv,/media/tushita/TUSHITA_W11_DATA/movies/[Trix] Escaflowne (Season 1 + Movie) - AV1/[Trix] Tenkuu no Escaflowne 10 (BD 1080p AV1).mkv,,False
,,,/media/tushita/TUSHITA_W11_DATA/movies/[Trix] Escaflowne (Season 1 + Movie) - AV1,/media/tushita/TUSHITA_W11_DATA/movies/[Trix] Escaflowne (Season 1 + Movie) - AV1/[Trix] Escaflowne The Movie (2000) (BD 1080p AV1).mkv,688631329,mkv,/media/tushita/TUSHITA_W11_DATA/movies/[Trix] Escaflowne (Season 1 + Movie) - AV1/[Trix] Escaflowne The Movie (2000) (BD 1080p AV1).mkv,,False
,,,/media/tushita/TUSHITA_W11_DATA/movies/[Trix] Escaflowne (Season 1 + Movie) - AV1,/media/tushita/TUSHITA_W11_DATA/movies/[Trix] Escaflowne (Season 1 + Movie) - AV1/[Trix] Tenkuu no Escaflowne 01 (BD 1080p AV1).mkv,177181989,mkv,/media/tushita/TUSHITA_W11_DATA/movies/[Trix] Escaflowne (Season 1 + Movie) - AV1/[Trix] Tenkuu no Escaflowne 01 (BD 1080p AV1).mkv,,False
,,,/media/tushita/TUSHITA_W11_DATA/movies/[Trix] Escaflowne (Season 1 + Movie) - AV1,/media/tushita/TUSHITA_W11_DATA/movies/[Trix] Escaflowne (Season 1 + Movie) - AV1/[Trix] Tenkuu no Escaflowne 02 (BD 1080p AV1).mkv,181453617,mkv,/media/tushita/TUSHITA_W11_DATA/movies/[Trix] Escaflowne (Season 1 + Movie) - AV1/[Trix] Tenkuu no Escaflowne 02 (BD 1080p AV1).mkv,,False
,,,/media/tushita/TUSHITA_W11_DATA/movies/[Trix] Escaflowne (Season 1 + Movie) - AV1,/media/tushita/TUSHITA_W11_DATA/movies/[Trix] Escaflowne (Season 1 + Movie) - AV1/[Trix] Tenkuu no Escaflowne 03 (BD 1080p AV1).mkv,140841936,mkv,/media/tushita/TUSHITA_W11_DATA/movies/[Trix] Escaflowne (Season 1 + Movie) - AV1/[Trix] Tenkuu no Escaflowne 03 (BD 1080p AV1).mkv,,False
,,,/media/tushita/TUSHITA_W11_DATA/movies/[Trix] Escaflowne (Season 1 + Movie) - AV1,/media/tushita/TUSHITA_W11_DATA/movies/[Trix] Escaflowne (Season 1 + Movie) - AV1/[Trix] Tenkuu no Escaflowne 04 (BD 1080p AV1).mkv,173199039,mkv,/media/tushita/TUSHITA_W11_DATA/movies/[Trix] Escaflowne (Season 1 + Movie) - AV1/[Trix] Tenkuu no Escaflowne 04 (BD 1080p AV1).mkv,,False
,,,/media/tushita/TUSHITA_W11_DATA/movies/[Trix] Escaflowne (Season 1 + Movie) - AV1,/media/tushita/TUSHITA_W11_DATA/movies/[Trix] Escaflowne (Season 1 + Movie) - AV1/[Trix] Tenkuu no Escaflowne 05 (BD 1080p AV1).mkv,161681019,mkv,/media/tushita/TUSHITA_W11_DATA/movies/[Trix] Escaflowne (Season 1 + Movie) - AV1/[Trix] Tenkuu no Escaflowne 05 (BD 1080p AV1).mkv,,False
,,,/media/tushita/TUSHITA_W11_DATA/movies/[Trix] Escaflowne (Season 1 + Movie) - AV1,/media/tushita/TUSHITA_W11_DATA/movies/[Trix] Escaflowne (Season 1 + Movie) - AV1/[Trix] Tenkuu no Escaflowne 06 (BD 1080p AV1).mkv,184065943,mkv,/media/tushita/TUSHITA_W11_DATA/movies/[Trix] Escaflowne (Season 1 + Movie) - AV1/[Trix] Tenkuu no Escaflowne 06 (BD 1080p AV1).mkv,,False
,,,/media/tushita/TUSHITA_W11_DATA/movies/[Trix] Escaflowne (Season 1 + Movie) - AV1,/media/tushita/TUSHITA_W11_DATA/movies/[Trix] Escaflowne (Season 1 + Movie) - AV1/[Trix] Tenkuu no Escaflowne 07 (BD 1080p AV1).mkv,140303232,mkv,/media/tushita/TUSHITA_W11_DATA/movies/[Trix] Escaflowne (Season 1 + Movie) - AV1/[Trix] Tenkuu no Escaflowne 07 (BD 1080p AV1).mkv,,False
,,,/media/tushita/TUSHITA_W11_DATA/movies/[Trix] Escaflowne (Season 1 + Movie) - AV1,/media/tushita/TUSHITA_W11_DATA/movies/[Trix] Escaflowne (Season 1 + Movie) - AV1/[Trix] Tenkuu no Escaflowne 08 (BD 1080p AV1).mkv,167102505,mkv,/media/tushita/TUSHITA_W11_DATA/movies/[Trix] Escaflowne (Season 1 + Movie) - AV1/[Trix] Tenkuu no Escaflowne 08 (BD 1080p AV1).mkv,,False
,,,/media/tushita/TUSHITA_W11_DATA/movies/[Trix] Escaflowne (Season 1 + Movie) - AV1,/media/tushita/TUSHITA_W11_DATA/movies/[Trix] Escaflowne (Season 1 + Movie) - AV1/[Trix] Tenkuu no Escaflowne 09 (BD 1080p AV1).mkv,112407105,mkv,/media/tushita/TUSHITA_W11_DATA/movies/[Trix] Escaflowne (Season 1 + Movie) - AV1/[Trix] Tenkuu no Escaflowne 09 (BD 1080p AV1).mkv,,False
,,,/media/tushita/TUSHITA_W11_DATA/movies/[Trix] Escaflowne (Season 1 + Movie) - AV1,/media/tushita/TUSHITA_W11_DATA/movies/[Trix] Escaflowne (Season 1 + Movie) - AV1/[Trix] Tenkuu no Escaflowne 11 (BD 1080p AV1).mkv,138597874,mkv,/media/tushita/TUSHITA_W11_DATA/movies/[Trix] Escaflowne (Season 1 + Movie) - AV1/[Trix] Tenkuu no Escaflowne 11 (BD 1080p AV1).mkv,,False
,,,/media/tushita/TUSHITA_W11_DATA/movies/[Trix] Escaflowne (Season 1 + Movie) - AV1,/media/tushita/TUSHITA_W11_DATA/movies/[Trix] Escaflowne (Season 1 + Movie) - AV1/[Trix] Tenkuu no Escaflowne 12 (BD 1080p AV1).mkv,126347362,mkv,/media/tushita/TUSHITA_W11_DATA/movies/[Trix] Escaflowne (Season 1 + Movie) - AV1/[Trix] Tenkuu no Escaflowne 12 (BD 1080p AV1).mkv,,False
,,,/media/tushita/TUSHITA_W11_DATA/movies/[Trix] Escaflowne (Season 1 + Movie) - AV1,/media/tushita/TUSHITA_W11_DATA/movies/[Trix] Escaflowne (Season 1 + Movie) - AV1/[Trix] Tenkuu no Escaflowne 13 (BD 1080p AV1).mkv,131419259,mkv,/media/tushita/TUSHITA_W11_DATA/movies/[Trix] Escaflowne (Season 1 + Movie) - AV1/[Trix] Tenkuu no Escaflowne 13 (BD 1080p AV1).mkv,,False
,,,/media/tushita/TUSHITA_W11_DATA/movies/[Trix] Escaflowne (Season 1 + Movie) - AV1,/media/tushita/TUSHITA_W11_DATA/movies/[Trix] Escaflowne (Season 1 + Movie) - AV1/[Trix] Tenkuu no Escaflowne 14 (BD 1080p AV1).mkv,139209488,mkv,/media/tushita/TUSHITA_W11_DATA/movies/[Trix] Escaflowne (Season 1 + Movie) - AV1/[Trix] Tenkuu no Escaflowne 14 (BD 1080p AV1).mkv,,False
,,,/media/tushita/TUSHITA_W11_DATA/movies/[Trix] Escaflowne (Season 1 + Movie) - AV1,/media/tushita/TUSHITA_W11_DATA/movies/[Trix] Escaflowne (Season 1 + Movie) - AV1/[Trix] Tenkuu no Escaflowne 15 (BD 1080p AV1).mkv,125984955,mkv,/media/tushita/TUSHITA_W11_DATA/movies/[Trix] Escaflowne (Season 1 + Movie) - AV1/[Trix] Tenkuu no Escaflowne 15 (BD 1080p AV1).mkv,,False
,,,/media/tushita/TUSHITA_W11_DATA/movies/[Trix] Escaflowne (Season 1 + Movie) - AV1,/media/tushita/TUSHITA_W11_DATA/movies/[Trix] Escaflowne (Season 1 + Movie) - AV1/[Trix] Tenkuu no Escaflowne 16 (BD 1080p AV1).mkv,109968509,mkv,/media/tushita/TUSHITA_W11_DATA/movies/[Trix] Escaflowne (Season 1 + Movie) - AV1/[Trix] Tenkuu no Escaflowne 16 (BD 1080p AV1).mkv,,False
,,,/media/tushita/TUSHITA_W11_DATA/movies/[Trix] Escaflowne (Season 1 + Movie) - AV1,/media/tushita/TUSHITA_W11_DATA/movies/[Trix] Escaflowne (Season 1 + Movie) - AV1/[Trix] Tenkuu no Escaflowne 17 (BD 1080p AV1).mkv,155788127,mkv,/media/tushita/TUSHITA_W11_DATA/movies/[Trix] Escaflowne (Season 1 + Movie) - AV1/[Trix] Tenkuu no Escaflowne 17 (BD 1080p AV1).mkv,,False
,,,/media/tushita/TUSHITA_W11_DATA/movies/[Trix] Escaflowne (Season 1 + Movie) - AV1,/media/tushita/TUSHITA_W11_DATA/movies/[Trix] Escaflowne (Season 1 + Movie) - AV1/[Trix] Tenkuu no Escaflowne 18 (BD 1080p AV1).mkv,134276582,mkv,/media/tushita/TUSHITA_W11_DATA/movies/[Trix] Escaflowne (Season 1 + Movie) - AV1/[Trix] Tenkuu no Escaflowne 18 (BD 1080p AV1).mkv,,False
,,,/media/tushita/TUSHITA_W11_DATA/movies/[Trix] Escaflowne (Season 1 + Movie) - AV1,/media/tushita/TUSHITA_W11_DATA/movies/[Trix] Escaflowne (Season 1 + Movie) - AV1/[Trix] Tenkuu no Escaflowne 19 (BD 1080p AV1).mkv,161471705,mkv,/media/tushita/TUSHITA_W11_DATA/movies/[Trix] Escaflowne (Season 1 + Movie) - AV1/[Trix] Tenkuu no Escaflowne 19 (BD 1080p AV1).mkv,,False
,,,/media/tushita/TUSHITA_W11_DATA/movies/[Trix] Escaflowne (Season 1 + Movie) - AV1,/media/tushita/TUSHITA_W11_DATA/movies/[Trix] Escaflowne (Season 1 + Movie) - AV1/[Trix] Tenkuu no Escaflowne 20 (BD 1080p AV1).mkv,153994025,mkv,/media/tushita/TUSHITA_W11_DATA/movies/[Trix] Escaflowne (Season 1 + Movie) - AV1/[Trix] Tenkuu no Escaflowne 20 (BD 1080p AV1).mkv,,False
,,,/media/tushita/TUSHITA_W11_DATA/movies/[Trix] Escaflowne (Season 1 + Movie) - AV1,/media/tushita/TUSHITA_W11_DATA/movies/[Trix] Escaflowne (Season 1 + Movie) - AV1/[Trix] Tenkuu no Escaflowne 21 (BD 1080p AV1).mkv,155137147,mkv,/media/tushita/TUSHITA_W11_DATA/movies/[Trix] Escaflowne (Season 1 + Movie) - AV1/[Trix] Tenkuu no Escaflowne 21 (BD 1080p AV1).mkv,,False
,,,/media/tushita/TUSHITA_W11_DATA/movies/[Trix] Escaflowne (Season 1 + Movie) - AV1,/media/tushita/TUSHITA_W11_DATA/movies/[Trix] Escaflowne (Season 1 + Movie) - AV1/[Trix] Tenkuu no Escaflowne 22 (BD 1080p AV1).mkv,160956109,mkv,/media/tushita/TUSHITA_W11_DATA/movies/[Trix] Escaflowne (Season 1 + Movie) - AV1/[Trix] Tenkuu no Escaflowne 22 (BD 1080p AV1).mkv,,False
,,,/media/tushita/TUSHITA_W11_DATA/movies/[Trix] Escaflowne (Season 1 + Movie) - AV1,/media/tushita/TUSHITA_W11_DATA/movies/[Trix] Escaflowne (Season 1 + Movie) - AV1/[Trix] Tenkuu no Escaflowne 23 (BD 1080p AV1).mkv,162351738,mkv,/media/tushita/TUSHITA_W11_DATA/movies/[Trix] Escaflowne (Season 1 + Movie) - AV1/[Trix] Tenkuu no Escaflowne 23 (BD 1080p AV1).mkv,,False
,,,/media/tushita/TUSHITA_W11_DATA/movies/[Trix] Escaflowne (Season 1 + Movie) - AV1,/media/tushita/TUSHITA_W11_DATA/movies/[Trix] Escaflowne (Season 1 + Movie) - AV1/[Trix] Tenkuu no Escaflowne 24 (BD 1080p AV1).mkv,134454889,mkv,/media/tushita/TUSHITA_W11_DATA/movies/[Trix] Escaflowne (Season 1 + Movie) - AV1/[Trix] Tenkuu no Escaflowne 24 (BD 1080p AV1).mkv,,False
,,,/media/tushita/TUSHITA_W11_DATA/movies/[Trix] Escaflowne (Season 1 + Movie) - AV1,/media/tushita/TUSHITA_W11_DATA/movies/[Trix] Escaflowne (Season 1 + Movie) - AV1/[Trix] Tenkuu no Escaflowne 25 (BD 1080p AV1).mkv,142143719,mkv,/media/tushita/TUSHITA_W11_DATA/movies/[Trix] Escaflowne (Season 1 + Movie) - AV1/[Trix] Tenkuu no Escaflowne 25 (BD 1080p AV1).mkv,,False
,,,/media/tushita/TUSHITA_W11_DATA/movies/[Trix] Escaflowne (Season 1 + Movie) - AV1,/media/tushita/TUSHITA_W11_DATA/movies/[Trix] Escaflowne (Season 1 + Movie) - AV1/[Trix] Tenkuu no Escaflowne 26 (BD 1080p AV1).mkv,181693597,mkv,/media/tushita/TUSHITA_W11_DATA/movies/[Trix] Escaflowne (Season 1 + Movie) - AV1/[Trix] Tenkuu no Escaflowne 26 (BD 1080p AV1).mkv,,False
Rocky,1976,2160p,/media/tushita/TUSHITA_W11_DATA/movies/Rocky (1976) [2160p] [4K] [WEB] [5.1] [YTS.MX],/media/tushita/TUSHITA_W11_DATA/movies/Rocky (1976) [2160p] [4K] [WEB] [5.1] [YTS.MX]/Rocky.1976.2160p.4K.WEB.x265.10bit.AAC5.1-[YTS.MX].mkv,5729874291,mkv,/media/tushita/TUSHITA_W11_DATA/movies/Rocky (1976) [2160p] [4K] [WEB] [5.1] [YTS.MX]/Rocky.1976.2160p.4K.WEB.x265.10bit.AAC5.1-[YTS.MX].mkv,,False
,,,/media/tushita/TUSHITA_W11_DATA/movies/Rocky.1976.REMASTERED.1080p.BluRay.x265-RARBG,/media/tushita/TUSHITA_W11_DATA/movies/Rocky.1976.REMASTERED.1080p.BluRay.x265-RARBG/Rocky.1976.REMASTERED.1080p.BluRay.x265-RARBG.mp4,2002279336,mp4,/media/tushita/TUSHITA_W11_DATA/movies/Rocky.1976.REMASTERED.1080p.BluRay.x265-RARBG/Rocky.1976.REMASTERED.1080p.BluRay.x265-RARBG.mp4,,False
Roman Holiday,1953,1080p,/media/tushita/TUSHITA_W11_DATA/movies/Roman Holiday (1953) [1080p] [BluRay] [YTS.MX],/media/tushita/TUSHITA_W11_DATA/movies/Roman Holiday (1953) [1080p] [BluRay] [YTS.MX]/Roman.Holiday.1953.1080p.BluRay.x264.AAC-[YTS.MX].mp4,2112678146,mp4,/media/tushita/TUSHITA_W11_DATA/movies/Roman Holiday (1953) [1080p] [BluRay] [YTS.MX]/Roman.Holiday.1953.1080p.BluRay.x264.AAC-[YTS.MX].mp4,,False
,,,/media/tushita/TUSHITA_W11_DATA/movies/Ronja the Robbers Daughter S01E01 One Eye to the Sky 1080p NF WEB-DL DUAL DDP5 1 Atmos H 264-FLUX[TGx],/media/tushita/TUSHITA_W11_DATA/movies/Ronja the Robbers Daughter S01E01 One Eye to the Sky 1080p NF WEB-DL DUAL DDP5 1 Atmos H 264-FLUX[TGx]/Ronja the Robbers Daughter S01E01 One Eye to the Sky 1080p NF WEB-DL DUAL DDP5 1 Atmos H 264-FLUX.mkv,3080596382,mkv,/media/tushita/TUSHITA_W11_DATA/movies/Ronja the Robbers Daughter S01E01 One Eye to the Sky 1080p NF WEB-DL DUAL DDP5 1 Atmos H 264-FLUX[TGx]/Ronja the Robbers Daughter S01E01 One Eye to the Sky 1080p NF WEB-DL DUAL DDP5 1 Atmos H 264-FLUX.mkv,,False
,,,/media/tushita/TUSHITA_W11_DATA/movies/Ronja the Robbers Daughter S01E02 The Robber Chief 1080p NF WEB-DL DUAL DDP5 1 Atmos H 264-FLUX[TGx],/media/tushita/TUSHITA_W11_DATA/movies/Ronja the Robbers Daughter S01E02 The Robber Chief 1080p NF WEB-DL DUAL DDP5 1 Atmos H 264-FLUX[TGx]/Ronja the Robbers Daughter S01E02 The Robber Chief 1080p NF WEB-DL DUAL DDP5 1 Atmos H 264-FLUX.mkv,2958201383,mkv,/media/tushita/TUSHITA_W11_DATA/movies/Ronja the Robbers Daughter S01E02 The Robber Chief 1080p NF WEB-DL DUAL DDP5 1 Atmos H 264-FLUX[TGx]/Ronja the Robbers Daughter S01E02 The Robber Chief 1080p NF WEB-DL DUAL DDP5 1 Atmos H 264-FLUX.mkv,,False
,,,/media/tushita/TUSHITA_W11_DATA/movies/Ronja the Robbers Daughter S01E03 The Pillory 1080p NF WEB-DL DUAL DDP5 1 Atmos H 264-FLUX[TGx],/media/tushita/TUSHITA_W11_DATA/movies/Ronja the Robbers Daughter S01E03 The Pillory 1080p NF WEB-DL DUAL DDP5 1 Atmos H 264-FLUX[TGx]/Ronja the Robbers Daughter S01E03 The Pillory 1080p NF WEB-DL DUAL DDP5 1 Atmos H 264-FLUX.mkv,3114605311,mkv,/media/tushita/TUSHITA_W11_DATA/movies/Ronja the Robbers Daughter S01E03 The Pillory 1080p NF WEB-DL DUAL DDP5 1 Atmos H 264-FLUX[TGx]/Ronja the Robbers Daughter S01E03 The Pillory 1080p NF WEB-DL DUAL DDP5 1 Atmos H 264-FLUX.mkv,,False
,,,/media/tushita/TUSHITA_W11_DATA/movies/Ronja the Robbers Daughter S01E05 My Brother 1080p NF WEB-DL DUAL DDP5 1 Atmos H 264-FLUX[TGx],/media/tushita/TUSHITA_W11_DATA/movies/Ronja the Robbers Daughter S01E05 My Brother 1080p NF WEB-DL DUAL DDP5 1 Atmos H 264-FLUX[TGx]/Ronja the Robbers Daughter S01E05 My Brother 1080p NF WEB-DL DUAL DDP5 1 Atmos H 264-FLUX.mkv,2705150199,mkv,/media/tushita/TUSHITA_W11_DATA/movies/Ronja the Robbers Daughter S01E05 My Brother 1080p NF WEB-DL DUAL DDP5 1 Atmos H 264-FLUX[TGx]/Ronja the Robbers Daughter S01E05 My Brother 1080p NF WEB-DL DUAL DDP5 1 Atmos H 264-FLUX.mkv,,False
,,,/media/tushita/TUSHITA_W11_DATA/movies/Ronja The Robbers Daughter S01E06 The Spring Shout 1080p NF WEB-DL DUAL DDP5 1 Atmos H 264-FLUX[TGx],/media/tushita/TUSHITA_W11_DATA/movies/Ronja The Robbers Daughter S01E06 The Spring Shout 1080p NF WEB-DL DUAL DDP5 1 Atmos H 264-FLUX[TGx]/Ronja The Robbers Daughter S01E06 The Spring Shout 1080p NF WEB-DL DUAL DDP5 1 Atmos H 264-FLUX.mkv,3062696991,mkv,/media/tushita/TUSHITA_W11_DATA/movies/Ronja The Robbers Daughter S01E06 The Spring Shout 1080p NF WEB-DL DUAL DDP5 1 Atmos H 264-FLUX[TGx]/Ronja The Robbers Daughter S01E06 The Spring Shout 1080p NF WEB-DL DUAL DDP5 1 Atmos H 264-FLUX.mkv,,False
,,,/media/tushita/TUSHITA_W11_DATA/movies/Ronja The Robbers Daughter S01E06 The Spring Shout 1080p NF WEB-DL DUAL DDP5 1 Atmos H 264-FLUX[TGx],/media/tushita/TUSHITA_W11_DATA/movies/Ronja The Robbers Daughter S01E06 The Spring Shout 1080p NF WEB-DL DUAL DDP5 1 Atmos H 264-FLUX[TGx]/Ronja.the.Robbers.Daughter.S01E01.One.Eye.to.the.Sky.1080p.NF.WEB-DL.DUAL.DDP5.1.Atmos.H.264-FLUX.mkv,3080596382,mkv,/media/tushita/TUSHITA_W11_DATA/movies/Ronja The Robbers Daughter S01E06 The Spring Shout 1080p NF WEB-DL DUAL DDP5 1 Atmos H 264-FLUX[TGx]/Ronja.the.Robbers.Daughter.S01E01.One.Eye.to.the.Sky.1080p.NF.WEB-DL.DUAL.DDP5.1.Atmos.H.264-FLUX.mkv,,False
,,,/media/tushita/TUSHITA_W11_DATA/movies/Ronja The Robbers Daughter S01E06 The Spring Shout 1080p NF WEB-DL DUAL DDP5 1 Atmos H 264-FLUX[TGx],/media/tushita/TUSHITA_W11_DATA/movies/Ronja The Robbers Daughter S01E06 The Spring Shout 1080p NF WEB-DL DUAL DDP5 1 Atmos H 264-FLUX[TGx]/Ronja.the.Robbers.Daughter.S01E02.The.Robber.Chief.1080p.NF.WEB-DL.DUAL.DDP5.1.Atmos.H.264-FLUX.mkv,2958201383,mkv,/media/tushita/TUSHITA_W11_DATA/movies/Ronja The Robbers Daughter S01E06 The Spring Shout 1080p NF WEB-DL DUAL DDP5 1 Atmos H 264-FLUX[TGx]/Ronja.the.Robbers.Daughter.S01E02.The.Robber.Chief.1080p.NF.WEB-DL.DUAL.DDP5.1.Atmos.H.264-FLUX.mkv,,False
,,,/media/tushita/TUSHITA_W11_DATA/movies/Ronja The Robbers Daughter S01E06 The Spring Shout 1080p NF WEB-DL DUAL DDP5 1 Atmos H 264-FLUX[TGx],/media/tushita/TUSHITA_W11_DATA/movies/Ronja The Robbers Daughter S01E06 The Spring Shout 1080p NF WEB-DL DUAL DDP5 1 Atmos H 264-FLUX[TGx]/Ronja.the.Robbers.Daughter.S01E03.The.Pillory.1080p.NF.WEB-DL.DUAL.DDP5.1.Atmos.H.264-FLUX.mkv,3114605311,mkv,/media/tushita/TUSHITA_W11_DATA/movies/Ronja The Robbers Daughter S01E06 The Spring Shout 1080p NF WEB-DL DUAL DDP5 1 Atmos H 264-FLUX[TGx]/Ronja.the.Robbers.Daughter.S01E03.The.Pillory.1080p.NF.WEB-DL.DUAL.DDP5.1.Atmos.H.264-FLUX.mkv,,False
,,,/media/tushita/TUSHITA_W11_DATA/movies/Ronja The Robbers Daughter S01E06 The Spring Shout 1080p NF WEB-DL DUAL DDP5 1 Atmos H 264-FLUX[TGx],/media/tushita/TUSHITA_W11_DATA/movies/Ronja The Robbers Daughter S01E06 The Spring Shout 1080p NF WEB-DL DUAL DDP5 1 Atmos H 264-FLUX[TGx]/Ronja.the.Robbers.Daughter.S01E05.My.Brother.1080p.NF.WEB-DL.DUAL.DDP5.1.Atmos.H.264-FLUX.mkv,2705150199,mkv,/media/tushita/TUSHITA_W11_DATA/movies/Ronja The Robbers Daughter S01E06 The Spring Shout 1080p NF WEB-DL DUAL DDP5 1 Atmos H 264-FLUX[TGx]/Ronja.the.Robbers.Daughter.S01E05.My.Brother.1080p.NF.WEB-DL.DUAL.DDP5.1.Atmos.H.264-FLUX.mkv,,False
,,,/media/tushita/TUSHITA_W11_DATA/movies/Ronja The Robbers Daughter S01E06 The Spring Shout 1080p NF WEB-DL DUAL DDP5 1 Atmos H 264-FLUX[TGx],/media/tushita/TUSHITA_W11_DATA/movies/Ronja The Robbers Daughter S01E06 The Spring Shout 1080p NF WEB-DL DUAL DDP5 1 Atmos H 264-FLUX[TGx]/Ronja.the.Robbers.Daughter.S01E06.The.Spring.Shout.1080p.NF.WEB-DL.DUAL.DDP5.1.Atmos.H.264-FLUX.mkv,3091140391,mkv,/media/tushita/TUSHITA_W11_DATA/movies/Ronja The Robbers Daughter S01E06 The Spring Shout 1080p NF WEB-DL DUAL DDP5 1 Atmos H 264-FLUX[TGx]/Ronja.the.Robbers.Daughter.S01E06.The.Spring.Shout.1080p.NF.WEB-DL.DUAL.DDP5.1.Atmos.H.264-FLUX.mkv,,False
,,,/media/tushita/TUSHITA_W11_DATA/movies/Ronja.the.Robbers.Daughter.S01E02.WEB.x264-TORRENTGALAXY[TGx],/media/tushita/TUSHITA_W11_DATA/movies/Ronja.the.Robbers.Daughter.S01E02.WEB.x264-TORRENTGALAXY[TGx]/Ronja.the.Robbers.Daughter.S01E02.WEB.x264-TORRENTGALAXY.mkv,354773457,mkv,/media/tushita/TUSHITA_W11_DATA/movies/Ronja.the.Robbers.Daughter.S01E02.WEB.x264-TORRENTGALAXY[TGx]/Ronja.the.Robbers.Daughter.S01E02.WEB.x264-TORRENTGALAXY.mkv,,False
Shrek,2001,1080p,/media/tushita/TUSHITA_W11_DATA/movies/Shrek (2001) [1080p],/media/tushita/TUSHITA_W11_DATA/movies/Shrek (2001) [1080p]/Shrek.2001.1080p.BluRay.x264.YIFY.mp4,1068042241,mp4,/media/tushita/TUSHITA_W11_DATA/movies/Shrek (2001) [1080p]/Shrek.2001.1080p.BluRay.x264.YIFY.mp4,,False
Shrek 2,2004,1080p,/media/tushita/TUSHITA_W11_DATA/movies/Shrek 2 (2004) [1080p],/media/tushita/TUSHITA_W11_DATA/movies/Shrek 2 (2004) [1080p]/Shrek.2.2004.1080p.BluRay.x264.YIFY.mp4,1074379261,mp4,/media/tushita/TUSHITA_W11_DATA/movies/Shrek 2 (2004) [1080p]/Shrek.2.2004.1080p.BluRay.x264.YIFY.mp4,,False
Shrek 4,2010,1080p,/media/tushita/TUSHITA_W11_DATA/movies/Shrek 4 (2010) [1080p],/media/tushita/TUSHITA_W11_DATA/movies/Shrek 4 (2010) [1080p]/Shrek.4.2010.1080p.BluRay.x264.YIFY.mp4,1049713239,mp4,/media/tushita/TUSHITA_W11_DATA/movies/Shrek 4 (2010) [1080p]/Shrek.4.2010.1080p.BluRay.x264.YIFY.mp4,,False
Shrek The Third,2007,1080p,/media/tushita/TUSHITA_W11_DATA/movies/Shrek The Third (2007) [1080p],/media/tushita/TUSHITA_W11_DATA/movies/Shrek The Third (2007) [1080p]/Shrek.The.Third.2007.1080p.HDDVD.x264.YIFY.mp4,1078834513,mp4,/media/tushita/TUSHITA_W11_DATA/movies/Shrek The Third (2007) [1080p]/Shrek.The.Third.2007.1080p.HDDVD.x264.YIFY.mp4,,False
Sing 2,2021,1080p,/media/tushita/TUSHITA_W11_DATA/movies/Sing 2 (2021) [1080p] [WEBRip] [5.1] [YTS.MX],/media/tushita/TUSHITA_W11_DATA/movies/Sing 2 (2021) [1080p] [WEBRip] [5.1] [YTS.MX]/Sing.2.2021.1080p.WEBRip.x264.AAC5.1-[YTS.MX].mp4,2172497568,mp4,/media/tushita/TUSHITA_W11_DATA/movies/Sing 2 (2021) [1080p] [WEBRip] [5.1] [YTS.MX]/Sing.2.2021.1080p.WEBRip.x264.AAC5.1-[YTS.MX].mp4,,False
Sing Thriller,2024,1080p,/media/tushita/TUSHITA_W11_DATA/movies/Sing Thriller (2024) [1080p] [WEBRip] [5.1] [YTS.MX],/media/tushita/TUSHITA_W11_DATA/movies/Sing Thriller (2024) [1080p] [WEBRip] [5.1] [YTS.MX]/Sing.Thriller.2024.1080p.WEBRip.x264.AAC5.1-[YTS.MX].mp4,218330684,mp4,/media/tushita/TUSHITA_W11_DATA/movies/Sing Thriller (2024) [1080p] [WEBRip] [5.1] [YTS.MX]/Sing.Thriller.2024.1080p.WEBRip.x264.AAC5.1-[YTS.MX].mp4,,False
Hellboy The Crooked Man,2024,1080p,/media/tushita/TUSHITA_W11_DATA/movies/Hellboy The Crooked Man (2024) [1080p] [WEBRip] [5.1] [YTS.MX],/media/tushita/TUSHITA_W11_DATA/movies/Hellboy The Crooked Man (2024) [1080p] [WEBRip] [5.1] [YTS.MX]/Hellboy.The.Crooked.Man.2024.1080p.WEBRip.x264.AAC5.1-[YTS.MX].mp4,1965608179,mp4,/media/tushita/TUSHITA_W11_DATA/movies/Hellboy The Crooked Man (2024) [1080p] [WEBRip] [5.1] [YTS.MX]/Hellboy.The.Crooked.Man.2024.1080p.WEBRip.x264.AAC5.1-[YTS.MX].mp4,,False
How To Train Your Dragon,2010,2160p,/media/tushita/TUSHITA_W11_DATA/movies/How To Train Your Dragon (2010) [2160p] [4K] [BluRay] [5.1] [YTS.MX],/media/tushita/TUSHITA_W11_DATA/movies/How To Train Your Dragon (2010) [2160p] [4K] [BluRay] [5.1] [YTS.MX]/How.To.Train.Your.Dragon.2010.2160p.4K.BluRay.x265.10bit.AAC5.1-[YTS.MX].mkv,4853440889,mkv,/media/tushita/TUSHITA_W11_DATA/movies/How To Train Your Dragon (2010) [2160p] [4K] [BluRay] [5.1] [YTS.MX]/How.To.Train.Your.Dragon.2010.2160p.4K.BluRay.x265.10bit.AAC5.1-[YTS.MX].mkv,,False
How To Train Your Dragon,2025,1080p,/media/tushita/TUSHITA_W11_DATA/movies/How To Train Your Dragon (2025) [1080p] [WEBRip] [5.1] [YTS.MX],/media/tushita/TUSHITA_W11_DATA/movies/How To Train Your Dragon (2025) [1080p] [WEBRip] [5.1] [YTS.MX]/How.To.Train.Your.Dragon.2025.1080p.WEBRip.x264.AAC5.1-[YTS.MX].mp4,2497834748,mp4,/media/tushita/TUSHITA_W11_DATA/movies/How To Train Your Dragon (2025) [1080p] [WEBRip] [5.1] [YTS.MX]/How.To.Train.Your.Dragon.2025.1080p.WEBRip.x264.AAC5.1-[YTS.MX].mp4,,False
How To Train Your Dragon,2025,2160p,/media/tushita/TUSHITA_W11_DATA/movies/How To Train Your Dragon (2025) [2160p] [4K] [WEB] [5.1] [YTS.MX],/media/tushita/TUSHITA_W11_DATA/movies/How To Train Your Dragon (2025) [2160p] [4K] [WEB] [5.1] [YTS.MX]/How.To.Train.Your.Dragon.2025.2160p.4K.WEB.x265.10bit.AAC5.1-[YTS.MX].mkv,6045394339,mkv,/media/tushita/TUSHITA_W11_DATA/movies/How To Train Your Dragon (2025) [2160p] [4K] [WEB] [5.1] [YTS.MX]/How.To.Train.Your.Dragon.2025.2160p.4K.WEB.x265.10bit.AAC5.1-[YTS.MX].mkv,,False
How To Train Your Dragon Homecoming,2019,1080p,/media/tushita/TUSHITA_W11_DATA/movies/How To Train Your Dragon Homecoming (2019) [1080p] [WEBRip] [5.1] [YTS.MX],/media/tushita/TUSHITA_W11_DATA/movies/How To Train Your Dragon Homecoming (2019) [1080p] [WEBRip] [5.1] [YTS.MX]/How.To.Train.Your.Dragon.Homecoming.2019.1080p.WEBRip.x264.AAC5.1-[YTS.MX].mp4,427901380,mp4,/media/tushita/TUSHITA_W11_DATA/movies/How To Train Your Dragon Homecoming (2019) [1080p] [WEBRip] [5.1] [YTS.MX]/How.To.Train.Your.Dragon.Homecoming.2019.1080p.WEBRip.x264.AAC5.1-[YTS.MX].mp4,,False
How To Train Your Dragon The Hidden World,2019,2160p,/media/tushita/TUSHITA_W11_DATA/movies/How To Train Your Dragon The Hidden World (2019) [2160p] [4K] [BluRay] [5.1] [YTS.MX],/media/tushita/TUSHITA_W11_DATA/movies/How To Train Your Dragon The Hidden World (2019) [2160p] [4K] [BluRay] [5.1] [YTS.MX]/How.To.Train.Your.Dragon.The.Hidden.World.2019.2160p.4K.BluRay.x265.10bit.AAC5.1-[YTS.MX].mkv,5033353462,mkv,/media/tushita/TUSHITA_W11_DATA/movies/How To Train Your Dragon The Hidden World (2019) [2160p] [4K] [BluRay] [5.1] [YTS.MX]/How.To.Train.Your.Dragon.The.Hidden.World.2019.2160p.4K.BluRay.x265.10bit.AAC5.1-[YTS.MX].mkv,,False
Ice Age The Meltdown,2006,1080p,/media/tushita/TUSHITA_W11_DATA/movies/Ice Age The Meltdown (2006) [1080p] [YTS.AG],/media/tushita/TUSHITA_W11_DATA/movies/Ice Age The Meltdown (2006) [1080p] [YTS.AG]/Ice.Age.The.Meltdown.2006.1080p.BluRay.x264-[YTS.AG].mp4,1487553477,mp4,/media/tushita/TUSHITA_W11_DATA/movies/Ice Age The Meltdown (2006) [1080p] [YTS.AG]/Ice.Age.The.Meltdown.2006.1080p.BluRay.x264-[YTS.AG].mp4,,False
IF,2024,2160p,/media/tushita/TUSHITA_W11_DATA/movies/IF (2024) [2160p] [4K] [WEB] [5.1] [YTS.MX],/media/tushita/TUSHITA_W11_DATA/movies/IF (2024) [2160p] [4K] [WEB] [5.1] [YTS.MX]/IF.2024.2160p.4K.WEB.x265.10bit.AAC5.1-[YTS.MX].mkv,5147714765,mkv,/media/tushita/TUSHITA_W11_DATA/movies/IF (2024) [2160p] [4K] [WEB] [5.1] [YTS.MX]/IF.2024.2160p.4K.WEB.x265.10bit.AAC5.1-[YTS.MX].mkv,,False
,,,/media/tushita/TUSHITA_W11_DATA/movies/Inside.Out.2.2024.V2.HDTS.c1nem4.x264-SUNSCREEN[TGx],/media/tushita/TUSHITA_W11_DATA/movies/Inside.Out.2.2024.V2.HDTS.c1nem4.x264-SUNSCREEN[TGx]/Inside.Out.2.2024.V2.HDTS.c1nem4.x264-SUNSCREEN.mkv,1042814448,mkv,/media/tushita/TUSHITA_W11_DATA/movies/Inside.Out.2.2024.V2.HDTS.c1nem4.x264-SUNSCREEN[TGx]/Inside.Out.2.2024.V2.HDTS.c1nem4.x264-SUNSCREEN.mkv,,False
Joe Versus The Volcano,1990,BluRay,/media/tushita/TUSHITA_W11_DATA/movies/Joe Versus The Volcano (1990) [BluRay] [1080p] [YTS.AM],/media/tushita/TUSHITA_W11_DATA/movies/Joe Versus The Volcano (1990) [BluRay] [1080p] [YTS.AM]/Joe.Versus.The.Volcano.1990.1080p.BluRay.x264-[YTS.AM].mp4,1757585018,mp4,/media/tushita/TUSHITA_W11_DATA/movies/Joe Versus The Volcano (1990) [BluRay] [1080p] [YTS.AM]/Joe.Versus.The.Volcano.1990.1080p.BluRay.x264-[YTS.AM].mp4,,False
Jurassic World Rebirth,2025,2160p,/media/tushita/TUSHITA_W11_DATA/movies/Jurassic World Rebirth (2025) [2160p] [4K] [WEB] [5.1] [YTS.MX],/media/tushita/TUSHITA_W11_DATA/movies/Jurassic World Rebirth (2025) [2160p] [4K] [WEB] [5.1] [YTS.MX]/Jurassic.World.Rebirth.2025.2160p.4K.WEB.x265.10bit.AAC5.1-[YTS.MX].mkv,6409131021,mkv,/media/tushita/TUSHITA_W11_DATA/movies/Jurassic World Rebirth (2025) [2160p] [4K] [WEB] [5.1] [YTS.MX]/Jurassic.World.Rebirth.2025.2160p.4K.WEB.x265.10bit.AAC5.1-[YTS.MX].mkv,,False
KPop Demon Hunters,2025,1080p,/media/tushita/TUSHITA_W11_DATA/movies/KPop Demon Hunters (2025) [1080p] [WEBRip] [x265] [10bit] [5.1] [YTS.MX],/media/tushita/TUSHITA_W11_DATA/movies/KPop Demon Hunters (2025) [1080p] [WEBRip] [x265] [10bit] [5.1] [YTS.MX]/KPop.Demon.Hunters.2025.1080p.WEBRip.x265.10bit.AAC5.1-[YTS.MX].mp4,1786043860,mp4,/media/tushita/TUSHITA_W11_DATA/movies/KPop Demon Hunters (2025) [1080p] [WEBRip] [x265] [10bit] [5.1] [YTS.MX]/KPop.Demon.Hunters.2025.1080p.WEBRip.x265.10bit.AAC5.1-[YTS.MX].mp4,,False
Kung Fu Panda 4,2024,2160p,/media/tushita/TUSHITA_W11_DATA/movies/Kung Fu Panda 4 (2024) [2160p] [4K] [WEB] [5.1] [YTS.MX],/media/tushita/TUSHITA_W11_DATA/movies/Kung Fu Panda 4 (2024) [2160p] [4K] [WEB] [5.1] [YTS.MX]/Kung.Fu.Panda.4.2024.2160p.4K.WEB.x265.10bit.AAC5.1-[YTS.MX].mkv,4485764664,mkv,/media/tushita/TUSHITA_W11_DATA/movies/Kung Fu Panda 4 (2024) [2160p] [4K] [WEB] [5.1] [YTS.MX]/Kung.Fu.Panda.4.2024.2160p.4K.WEB.x265.10bit.AAC5.1-[YTS.MX].mkv,,False
